"Path","Size","Modified","SHA256"
"Analysis\abc_parsed\bill_mat_nm_abc.json","397432","2026-02-05 11:46:57","C93387964E0F40243A51A76AEEE80F867A23A6B357B5463D3399D8B82A5E925F"
"Analysis\abc_parsed\dept_nm_abc.json","6782","2026-02-05 11:46:57","62CFB433CF1A5D0E1D335149D4B356ACDEBDC605AC4BF3BF303C157CC4CE6030"
"Analysis\abc_parsed\descript_nm_abc.json","164369","2026-02-05 11:46:58","B51A52A15575BC9B3D05AC3AC0B21DF3AC5B2F506920770E7871459B7AE77E7D"
"Analysis\abc_parsed\invent_nm_abc.json","225475","2026-02-05 11:46:58","3B6D786CCC5075ACACB0F57ED7F9D4F8FFB55DF01CB2886A1E5861E38048D64B"
"Analysis\abc_parsed\labor_nm_abc.json","398464","2026-02-05 11:47:02","C4737C2242D38BAB5A538A3F4613E58758D52B52977856CADC662E74ED874862"
"Analysis\abc_parsed\macros_nm_abc.json","16945","2026-02-05 11:47:02","0FEDF904EE601EE0D73C830FCFAC941B3A95F4847D90B0F6965C75957DE4A8DE"
"Analysis\abc_parsed\mconv_dat.json","209690","2026-02-05 11:47:09","C1A12C4692CE40D8153B813F2BA1C5720E0904374F975061B005358A4DE36584"
"Analysis\abc_parsed\menu_nm_abc.json","262382","2026-02-05 11:47:04","88AF4252BCBCDC85EEE3A28A2A71E7865AE37C24DE8FEF6EC62DBB76D9412691"
"Analysis\abc_parsed\sales_nm_abc.json","3753","2026-02-05 11:47:04","66780C1EE89F44091935CFB018EADCC013E6DE0C4DCF3CC53E652EE289EFE4BC"
"Analysis\abc_parsed\scripts_nm_abc.json","450322","2026-02-05 11:47:07","232EB930F7146B0F7A60ED2D0FBA8606798EF74825BCBFF9C4140B5F73F32D12"
"Analysis\abc_parsed\stat_nm_abc.json","12041","2026-02-05 11:47:07","6FA8441C1888F497D4982B876EA2493EBF46F00160680FDF61587CF263B5EEB8"
"Analysis\abc_parsed\user_nm_abc.json","1491","2026-02-05 11:47:07","1FF512A6237093FA87608AAAC42AA50306E60F7E194B2B51087041CF1F6D0DCF"
"Analysis\abc_parsed\wocfg_nm_abc.json","1794","2026-02-05 11:47:07","253B27EE2CCC3188FF0E76DA68B49C66E85EBBF89B982137D164A115893CAA25"
"Analysis\abc_parsed\_PARSE_SUMMARY.json","3120","2026-02-05 11:47:09","EEEBDC3AFA6DE0307B041A56609F17617C06A422A92D3A51CAF941C67282682D"
"Analysis\chm_decompiled\engHelp\Base Plate and Anchor Bolt Design.htm","10265","2026-02-05 11:54:27","A0CB146BAB4295B5D9D9DE1F87A2629DCA81D7BC350497680C7D84393244589E"
"Analysis\chm_decompiled\engHelp\Baseplate.jpg","29875","2026-02-05 11:54:27","D0350EF28C4404869C3BE2B6C40A243B974545030C5E0E5BAAA6FEFA7C165AA1"
"Analysis\chm_decompiled\engHelp\engAbout.htm","236","2026-02-05 11:54:27","7C3871EF49E22D4344539BF48B77536ECC454A3BAAC770EBCF9753A7DEBF8EED"
"Analysis\chm_decompiled\engHelp\engAvg.htm","2196","2026-02-05 11:54:27","1CAF2DF904520087702F245DAF5BCDC78D01DC8BDC8477AB62F9FB77649D67AC"
"Analysis\chm_decompiled\engHelp\engBolt.htm","5047","2026-02-05 11:54:27","D56DD613EBAE627BEFF528C809B500861EED7074A60167415376F2783E9CAF19"
"Analysis\chm_decompiled\engHelp\engContents.hhc","2348","2026-02-05 11:54:27","5DF4799BB24031AABA7BE46683EAC20B523E2B028B79B952E5D3631E1A14ABA7"
"Analysis\chm_decompiled\engHelp\engFoundCirc.htm","2771","2026-02-05 11:54:27","44413A8D53A1352C62D770F7BB554E92CCAFA57895A38C62F34F8D704388341E"
"Analysis\chm_decompiled\engHelp\engFoundRect.htm","2929","2026-02-05 11:54:27","47BCB2BE1648AF0B30F19A7974A12628FA12DB89225E12AF6BC5B9CA7E947960"
"Analysis\chm_decompiled\engHelp\engFoundSpread.htm","5497","2026-02-05 11:54:27","203393BAE2A3DFD15A864683230EF60494621B25DE361B04C6089C374439E7B2"
"Analysis\chm_decompiled\engHelp\engFoundSq.htm","2751","2026-02-05 11:54:27","636F896DB575BC0A89534932ADD4820F5922F3B054302566F21791DE6B9C7FF7"
"Analysis\chm_decompiled\engHelp\engGlossary.htm","4224","2026-02-05 11:54:27","2CC960EAE5FA95CFE87446B02103FFD516FFCC69CBB14A1389E5247B497FEDE4"
"Analysis\chm_decompiled\engHelp\engIndex.hhk","2645","2026-02-05 11:54:27","77EA44D5AA444235AAEA1BEAD11B9CCFB17026AB548FA335FC311F477148C261"
"Analysis\chm_decompiled\engHelp\engPBF.htm","2908","2026-02-05 11:54:27","5D2F0790BD0D5D83E2B0BF2530E744FF6D9E5700668E879C68BD2AA42F65D53A"
"Analysis\chm_decompiled\engHelp\engSectMod.htm","255","2026-02-05 11:54:27","84FFE3A1C8535007FFE212050316ACDA46D3EFD60F27CE4F55B8D8BF285CA2B3"
"Analysis\chm_decompiled\engHelp\engSoilDlg.htm","2183","2026-02-05 11:54:27","7CA15D2B8B034A0EAC6D54A0E376A10406676ED24C4104D27366E0436C6DCDD4"
"Analysis\chm_decompiled\engHelp\engSoilPress.htm","3890","2026-02-05 11:54:27","DAB5B16DA1E801DAE1C1486E5CDCD0E160973BCC1112EA91F41F6CF26AD2526A"
"Analysis\chm_decompiled\engHelp\Gusset table.htm","40282","2026-02-05 11:54:27","EDAB6FB4FF1731A1BFB93C478F44D36F5FD8406F310D3C2ABA2A8A8D00A92BE0"
"Analysis\chm_decompiled\engHelp\Gusset.jpg","55657","2026-02-05 11:54:27","0ABAFCC72A10B7D9229FD14150BDE3708B2C72113ADE658076DCB6F5BBD2A521"
"Analysis\chm_decompiled\engHelp\Image2.jpg","41544","2026-02-05 11:54:27","277602F0E1ED748A3774F18726CE005BE40A150AA7D5A5050CDDF5557CB4EE6C"
"Analysis\chm_decompiled\engHelp\Image3.jpg","35163","2026-02-05 11:54:27","6FD8D847A14B3490F84479E87D5528342225DB9C5631B1F3CFD8232A1AB4B9B7"
"Analysis\chm_decompiled\engHelp\Image4.jpg","64631","2026-02-05 11:54:27","4605B29A2D92A5448F10A6A10FF59C58A0513D27DD48C365AA56DBC05CAB8E68"
"Analysis\chm_decompiled\engHelp\Image5.jpg","69662","2026-02-05 11:54:27","C85146315F0E8DEA714B0378ABB5D4D2F5A86B32B9D6072EC7E9CEC4978AF0C1"
"Analysis\chm_decompiled\engHelp\Image6.jpg","70349","2026-02-05 11:54:27","2FC972D37697AF69608E4CDA7CE72BD9B61819A4D8DD4070F3A1965065DC2B4E"
"Analysis\chm_decompiled\engHelp\Image7.jpg","72088","2026-02-05 11:54:27","33F7948EAFDB4AFCC51BE04E2600CABFD28C44E774C6F873F5DFDFF76D89B8AD"
"Analysis\chm_decompiled\engHelp\Image8.jpg","71525","2026-02-05 11:54:27","AE558BD35801EA8E2BA44B5091BCC6286EA8E85372FC2B571368CAFDD23049F4"
"Analysis\chm_decompiled\engHelp\Image9.jpg","31914","2026-02-05 11:54:27","68A29B836F16A947860B84AE3A978DC8C909C7BCD6F1381CF7AD5BEEBC784509"
"Analysis\chm_decompiled\engHelp\index.htm","994","2026-02-05 11:54:27","2175761E7645D3887251B5F960F2FD8384323CBCADB5090C322A7EC51D45F871"
"Analysis\chm_decompiled\engHelp\Pipe Weight Chart.htm","46802","2026-02-05 11:54:27","677C3AF937CF3E703D725A93BC4FB510F4484E503B17C6B8F620EFB38BCF7373"
"Analysis\chm_decompiled\engHelp\Spread Footing Foundations with Rebar Cage.htm","9626","2026-02-05 11:54:27","85011536DCCD921CD6706C0E831D339E4959AE0298A2F8849016F2BD18BB39C3"
"Analysis\chm_decompiled\engHelp\Spread.png","50987","2026-02-05 11:54:27","183337C69E1BCF5DB34E96AAF6E25B56A570238D5A1AA4B47BCC30CBA0FED1D5"
"Analysis\chm_decompiled\engHelp\Base Plate and Anchor Bolt Design_files\filelist.xml","232","2026-02-05 11:54:27","F271C282315AE2635BFBF66CD39AEB2958E819A6B995E9A56749BFD195F42B80"
"Analysis\chm_decompiled\engHelp\Base Plate and Anchor Bolt Design_files\image001.gif","5238","2026-02-05 11:54:27","1D3414BA584ABBA8966BF1F3A3F747E2DD2D6672CE8EFB22B96432368D9354E9"
"Analysis\chm_decompiled\engHelp\Base Plate and Anchor Bolt Design_files\oledata.mso","7680","2026-02-05 11:54:27","25C9E8587069F7CE98D822B1D1C7803D50338D89DF0C4DD4977D159C98C6E9DC"
"Analysis\chm_decompiled\estimates\estContents.hhc","44282","2026-02-05 11:54:29","562CD6B75833194CFB8A11BAA836A13C519C43645E8568948DEC38883B237ADE"
"Analysis\chm_decompiled\estimates\estIndex.hhk","12472","2026-02-05 11:54:29","DC395A3EEB92C6F91DC362E479AA4CA23619CB28F01457A2C3981FEAB7011B69"
"Analysis\chm_decompiled\estimates\Glossary.htm","19417","2026-02-05 11:54:29","072110F6A188C300EB43EA66D81AAE7223917CBC5D90889CC4516A2FF008CC28"
"Analysis\chm_decompiled\estimates\mainmenu.htm","7262","2026-02-05 11:54:29","7335CCE6DCB5C6CC9A047683695C8D3C5AC3A88BC4FBC3BE6DDB854197915894"
"Analysis\chm_decompiled\estimates\SystemCfg.htm","4429","2026-02-05 11:54:29","7D1E8D39EC92314EAE52B0AB15C5FFC711E759D66B9BC74280F86ED09EB9BD1F"
"Analysis\chm_decompiled\estimates\SystemConfiguration.jpg","43957","2026-02-05 11:54:29","6664AEC2778B5626B88384D8387E91FEC3EF1AD1D0C7BF2A761995D0016ECEDF"
"Analysis\chm_decompiled\estimates\Welcome.htm","1421","2026-02-05 11:54:29","1D82C57ECBA6D6D10E3A2FB7B108BDB4FD2EAF8132AC9B933554899109BD4625"
"Analysis\chm_decompiled\estimates\CustomerCards\CJCCCO001.jpg","15246","2026-02-05 11:54:29","D36442E093BD182642B4CA3AD10FBE82EF556DD2AD89472DA3CFA0CBB71440FE"
"Analysis\chm_decompiled\estimates\CustomerCards\CJCCCO002.jpg","752","2026-02-05 11:54:29","A47F615F2ACD2A42C3CAD20CAF6F009B66367D746DD2A8F90C5728BCD9DCE62A"
"Analysis\chm_decompiled\estimates\CustomerCards\CJCCM001.jpg","4529","2026-02-05 11:54:29","4C92F923E15D2835C17098EBD7079FF661D3FC96201F50EF204F3DC2C15B895F"
"Analysis\chm_decompiled\estimates\CustomerCards\Closed Job Customer Cards Columns Options.htm","5882","2026-02-05 11:54:29","81C035208428D27569B240903FBE6037ACFB45F79BCB2EEAAC1E219EB4AC0688"
"Analysis\chm_decompiled\estimates\CustomerCards\Closed Job Customer Cards menu.htm","5485","2026-02-05 11:54:29","E83BBA30ED114B6664DDDB9AF664459D883408CE01EF07D1AE9D66C664A747F9"
"Analysis\chm_decompiled\estimates\CustomerCards\Customer Cards Closed Job JO.htm","6378","2026-02-05 11:54:29","E4DB331D1B9E8D400324D0879D7EEB06E0DEF2825BF2DCA3D877E765E22B52A6"
"Analysis\chm_decompiled\estimates\CustomerCards\Customer Cards Closed Job MO.htm","6596","2026-02-05 11:54:29","364CA12AAFE32A40FD900C21EE4D76C1CF97727F8A905472555F61FA50FA0312"
"Analysis\chm_decompiled\estimates\CustomerCards\Customer Cards Help Details.htm","19718","2026-02-05 11:54:29","9D9802F3B3778C13E491670C19E828DD0C027001889256FBA8AAD14D8D22C0C1"
"Analysis\chm_decompiled\estimates\CustomerCards\Insert Closed Job into Customer Cards.htm","11419","2026-02-05 11:54:29","BDC8F195774864BF1255E5BA7B7155F57C2F594E86B716F96404299D1C60C8D7"
"Analysis\chm_decompiled\estimates\CustomerCards\Closed Job Customer Cards Columns Options_files\filelist.xml","272","2026-02-05 11:54:29","BFDF4CF642CF6D6A049B989B6DAD9DD3617AF7EC6D114DEEEB50018B391367E9"
"Analysis\chm_decompiled\estimates\CustomerCards\Closed Job Customer Cards Columns Options_files\oledata.mso","3072","2026-02-05 11:54:29","D05DE5E4219CB2DC10F73D85950BCE2FBCF44B9A9B57EB39390637F7839D7DEC"
"Analysis\chm_decompiled\estimates\CustomerCards\Customer Cards Closed Job JO_files\filelist.xml","194","2026-02-05 11:54:29","6A91EC236A812B5E231C18D54E309E50191981EA748A5169C32C343089FC0FA2"
"Analysis\chm_decompiled\estimates\CustomerCards\Customer Cards Closed Job JO_files\image001.jpg","45746","2026-02-05 11:54:29","5859FC5345F3231FCF9E37AAB48BA06057A2CD82FBA1007D7FF5584E25FCDA94"
"Analysis\chm_decompiled\estimates\CustomerCards\Customer Cards Closed Job MO_files\filelist.xml","225","2026-02-05 11:54:29","B99020D7731ED02E5C99A80790C1A10E87689C15A344D09D92EF1870BBAA29E4"
"Analysis\chm_decompiled\estimates\CustomerCards\Customer Cards Closed Job MO_files\image001.jpg","24607","2026-02-05 11:54:29","CAF0D6493043816284371F4A464F856BACDB71B32A1156D2F13DDD19E522AEED"
"Analysis\chm_decompiled\estimates\CustomerCards\Customer Cards Closed Job MO_files\oledata.mso","18139","2026-02-05 11:54:29","C33C1D4653CF0515AD74C7B734A23CB83C1C4B0D2B076030F82C12A3AD358C1B"
"Analysis\chm_decompiled\estimates\CustomerCards\Customer Cards Help Details_files\filelist.xml","382","2026-02-05 11:54:29","68AC50C3A6CCB477939F529375B07F9318A89DAA62C2F599FABADBCA2E464032"
"Analysis\chm_decompiled\estimates\CustomerCards\Customer Cards Help Details_files\image001.jpg","22988","2026-02-05 11:54:29","302EFDD9A2E77DAED1B24122AB2224A3D1DA2A73A9D00812D514B10241C41278"
"Analysis\chm_decompiled\estimates\CustomerCards\Customer Cards Help Details_files\image002.jpg","19683","2026-02-05 11:54:29","E683E31F9837A41738157901A39F4C0A430B4E101D0C6CA89244A2FA6AA44278"
"Analysis\chm_decompiled\estimates\CustomerCards\Customer Cards Help Details_files\image003.jpg","19728","2026-02-05 11:54:29","49D60655BCE415CBB4DAEF32A8B62119530601F8C56278F4CFE4B14CF6E814C2"
"Analysis\chm_decompiled\estimates\CustomerCards\Customer Cards Help Details_files\image004.jpg","39467","2026-02-05 11:54:29","C2B0CE1AC7EFDD62AD759E0C5D7EB99D242B6C8DB80A832514F96019AEA291CC"
"Analysis\chm_decompiled\estimates\CustomerCards\Customer Cards Help Details_files\image005.jpg","25693","2026-02-05 11:54:29","2CCD157C4C53E2C6498507F230E5191FF1F1CC689CA561BB54F0B19A1DDE6BAE"
"Analysis\chm_decompiled\estimates\CustomerCards\Customer Cards Help Details_files\image006.jpg","10093","2026-02-05 11:54:29","28C10E2FF7F099801ACEC1D2BF35BD972BEA4CA76DDB84CDAE99E9B86D78C1DE"
"Analysis\chm_decompiled\estimates\CustomerCards\Customer Cards Help Details_files\oledata.mso","23196","2026-02-05 11:54:29","E42E7ECF43572114A2308C8FFBB57A3F662E2B7F2C0A5D257D753F3BD413F803"
"Analysis\chm_decompiled\estimates\CustomerCards\Insert Closed Job into Customer Cards_files\filelist.xml","301","2026-02-05 11:54:29","2A54189B23092AC3F0880249B443B89625E922DE96FD29012ED6521A1E544CDE"
"Analysis\chm_decompiled\estimates\CustomerCards\Insert Closed Job into Customer Cards_files\image001.jpg","25451","2026-02-05 11:54:29","C0E7536F1B64306F165D35DFA0C7BAF75FE561B944E1D48194752D706B0605EB"
"Analysis\chm_decompiled\estimates\CustomerCards\Insert Closed Job into Customer Cards_files\image002.jpg","44561","2026-02-05 11:54:29","06EEC4B1ADAA652573A8A8E0DAAF5618D15F39D0ACE16997A886A6934C5C7E7D"
"Analysis\chm_decompiled\estimates\CustomerCards\Insert Closed Job into Customer Cards_files\image003.jpg","43674","2026-02-05 11:54:29","23A1235A482DC161468AA42603A52D55B40F60C415519F42875C817C8E721E83"
"Analysis\chm_decompiled\estimates\CustomerCards\Insert Closed Job into Customer Cards_files\image004.jpg","29744","2026-02-05 11:54:29","B15D77758D4C6F2B6D2F5373DEB853FD5B6D4884195DFD56746A0DDFCA8B49E5"
"Analysis\chm_decompiled\estimates\EstimateHelp\Introduction.htm","982","2026-02-05 11:54:29","56687D9A45E2622D048479CD2EFD24D21731196B197590BBF7E0673C7B03E7EC"
"Analysis\chm_decompiled\estimates\EstimateHelp\M0.htm","2058","2026-02-05 11:54:29","5AF78252801191032C4AD00BFBC22181B9AD606A9BCF693A5FB8057F2EBC84EC"
"Analysis\chm_decompiled\estimates\EstimateHelp\M0.htm1.jpg","900","2026-02-05 11:54:29","B8DC7FE6A199E8E8441DD67CC5E43985504ADC310C4B114032A32AE19A4AD220"
"Analysis\chm_decompiled\estimates\EstimateHelp\M0.htm2.jpg","900","2026-02-05 11:54:29","18F209F86B7D87ECC41A74969B97A36D0BC00E5FEE65F53645533AFBE632DFAC"
"Analysis\chm_decompiled\estimates\EstimateHelp\M0.htm3.jpg","960","2026-02-05 11:54:29","0489429474B6A6F46526FC9D3F4FBDA874C7C0054EFA51C00C9DCFFE2C286813"
"Analysis\chm_decompiled\estimates\EstimateHelp\M0_htm1.jpg","900","2026-02-05 11:54:29","B8DC7FE6A199E8E8441DD67CC5E43985504ADC310C4B114032A32AE19A4AD220"
"Analysis\chm_decompiled\estimates\EstimateHelp\M0_htm2.jpg","900","2026-02-05 11:54:29","18F209F86B7D87ECC41A74969B97A36D0BC00E5FEE65F53645533AFBE632DFAC"
"Analysis\chm_decompiled\estimates\EstimateHelp\M0_htm3.jpg","960","2026-02-05 11:54:29","0489429474B6A6F46526FC9D3F4FBDA874C7C0054EFA51C00C9DCFFE2C286813"
"Analysis\chm_decompiled\estimates\EstimateHelp\M1.htm","3722","2026-02-05 11:54:29","C4ACC481B1E8C10DDD4CFB59A4366292B165C6176A66B53BE03B18A22403D0DA"
"Analysis\chm_decompiled\estimates\EstimateHelp\M1.htm1.jpg","970","2026-02-05 11:54:29","455B46647087D8494A2C5865B4A4D6EC3BB2CC3C201DCA5EDC908A2C4A602CE3"
"Analysis\chm_decompiled\estimates\EstimateHelp\M10.htm","4570","2026-02-05 11:54:29","D5D437CB999CB200693278D3C439C13BE9E72596FE62CC9315B891F3FACDD8FD"
"Analysis\chm_decompiled\estimates\EstimateHelp\M11.htm","1964","2026-02-05 11:54:29","87FEA30474FAC0E251A7D0D531FCB7039707E2024A64F09053B60D2177D27352"
"Analysis\chm_decompiled\estimates\EstimateHelp\M12.htm","2492","2026-02-05 11:54:29","923B12EE0E0E78BA1B2BE3863E1AF7176A3A7B404C024D1832655FA072811A98"
"Analysis\chm_decompiled\estimates\EstimateHelp\M13.htm","4235","2026-02-05 11:54:29","5E39FA074F2605AA3C6E06435BF09995A7F1496BD28EE1C765CB3541B0C028B0"
"Analysis\chm_decompiled\estimates\EstimateHelp\M14.htm","2993","2026-02-05 11:54:29","EED25FD4A2E72E78030ED52D27ABBC6E1A9B9E939F7EDDCB0F79021A10367087"
"Analysis\chm_decompiled\estimates\EstimateHelp\M15.htm","1388","2026-02-05 11:54:29","22CE67E3088ACEB638132E0BC3DBB29CEA1AADDE2126104230C7FB0D80E7B1A7"
"Analysis\chm_decompiled\estimates\EstimateHelp\M15a.htm","2152","2026-02-05 11:54:29","5A5D6FE5EDA40B95D414122736E1FC646656F031CF90E8F0331420F957F23F8C"
"Analysis\chm_decompiled\estimates\EstimateHelp\M15a0.htm","1203","2026-02-05 11:54:29","0D6F65CED7B636E2A7BB4AB72961F419C49B729830FB2A5B000457D5CE65161D"
"Analysis\chm_decompiled\estimates\EstimateHelp\M15a1.htm","1248","2026-02-05 11:54:29","DC2296F6EF36543F9052E12B2481F478AFD8E26A2268D3C1FCD01D6BFEC747DA"
"Analysis\chm_decompiled\estimates\EstimateHelp\M15aa.htm","1792","2026-02-05 11:54:29","5DC5B3FF0701ACB79197D56E2506C97583EA9B21841F84940B868FEB0BDBF473"
"Analysis\chm_decompiled\estimates\EstimateHelp\M15ab.htm","1419","2026-02-05 11:54:29","69D786B41134D5C74415FE66BC39830C961893486AB808E619201699DF0494E3"
"Analysis\chm_decompiled\estimates\EstimateHelp\M15b.htm","1547","2026-02-05 11:54:29","2D08547B7E652A4DC00CEB093CFA6513FFD6471804AB9ABC267A0D75433E55AB"
"Analysis\chm_decompiled\estimates\EstimateHelp\M15c.htm","1655","2026-02-05 11:54:29","2F3AEA8CF289FE0E6711DB0A04E20F811A8CD38E37B1AE15A3E303C7EB83ED0D"
"Analysis\chm_decompiled\estimates\EstimateHelp\M15d.htm","2033","2026-02-05 11:54:29","90F493A00408EEB15AB54A4A397F121F8E25E089ACE7001CF8E45BA887088E50"
"Analysis\chm_decompiled\estimates\EstimateHelp\M15e.htm","1559","2026-02-05 11:54:29","F4FC48B920A14C6E7DE297279CAA4CAC15821F9867032CC5083D125DD61A9226"
"Analysis\chm_decompiled\estimates\EstimateHelp\M15f.htm","1421","2026-02-05 11:54:29","39DE1F0F5B09FF540C815C3044A6387C272C4DF284D50F1D35016E372CE4DE65"
"Analysis\chm_decompiled\estimates\EstimateHelp\M15g.htm","2278","2026-02-05 11:54:29","35B857B25731796405945EB224E020D539378782DFEE34B589BC2C727737335D"
"Analysis\chm_decompiled\estimates\EstimateHelp\M15h.htm","1794","2026-02-05 11:54:29","E47BCDF8AE18BC3C2707A984E7E5719E23218ADB18EF0744DD33E7A648214920"
"Analysis\chm_decompiled\estimates\EstimateHelp\M15i.htm","1320","2026-02-05 11:54:29","A3BF4B61B9F66A4B1E20E2B91A84207859222BC77D066F0CE4150641AA367C13"
"Analysis\chm_decompiled\estimates\EstimateHelp\M15j.htm","1599","2026-02-05 11:54:29","16DC429A46656EE989F6DD99E04E00E6CC485B015D9E4F998E8E5B7743B6A1EF"
"Analysis\chm_decompiled\estimates\EstimateHelp\M15k.htm","1357","2026-02-05 11:54:29","0DE6CB4069FEF223988C47E07E45B68723D89CE24D99A60B59E675D4331C33C3"
"Analysis\chm_decompiled\estimates\EstimateHelp\M16.htm","3756","2026-02-05 11:54:29","41C7B342AC0059C5F9280C0DFACB85C6415E407310FA29DB1BADCA587487BAE7"
"Analysis\chm_decompiled\estimates\EstimateHelp\M16a.htm","1254","2026-02-05 11:54:29","4CEEDF9ECC3A3FFEEF60BF61C4DE4243371E1ADF1B41951EF39A3F93B6BCAF4C"
"Analysis\chm_decompiled\estimates\EstimateHelp\M16b.htm","2002","2026-02-05 11:54:29","5F0310CC5A4D797BC6277E690D97DB6A722BE955250500BEB3B22F9F81F52DC0"
"Analysis\chm_decompiled\estimates\EstimateHelp\M17.htm","2108","2026-02-05 11:54:29","9E550CB14E6CAC871DB234589F08FADDD8CBC19F59BF82E705E3F570C17B06F3"
"Analysis\chm_decompiled\estimates\EstimateHelp\M17a.htm","2526","2026-02-05 11:54:29","B443AA40F8EA63DA63B4CFAF9F15E4A1F45987AAD8F37D58AEA4E14C20F3D101"
"Analysis\chm_decompiled\estimates\EstimateHelp\M17b.htm","1225","2026-02-05 11:54:29","AB5A7CB53D1C70BF3D3C020E17331317BDD0033A25C54D3F9D8E4CAFEBEE989D"
"Analysis\chm_decompiled\estimates\EstimateHelp\M17c.htm","2408","2026-02-05 11:54:29","A8B6BB823E18813D961326F60D3544D2CFEBE0014930E63EBA347904A7358706"
"Analysis\chm_decompiled\estimates\EstimateHelp\M18.htm","2493","2026-02-05 11:54:29","3A055CE1237F40D79810451FB189EF91DA3F3B7D99DF1EC0A0E354C2ACD2CA1D"
"Analysis\chm_decompiled\estimates\EstimateHelp\M18a.htm","1398","2026-02-05 11:54:29","5CD2531FC751AAFD26CD7582E2254E13AD61C7BA35169FA0E20FA74738A7FE05"
"Analysis\chm_decompiled\estimates\EstimateHelp\M18b.htm","1326","2026-02-05 11:54:29","D0EF1D2BE4C6DF8E605CE9C0A64ADBB989D9E78532089AD919B6B16BCD125B1A"
"Analysis\chm_decompiled\estimates\EstimateHelp\M19.htm","2088","2026-02-05 11:54:29","242003DF5A466E576854ACE131A4F8F5DCCFC8748E2B42413CC59CBD6C45B02E"
"Analysis\chm_decompiled\estimates\EstimateHelp\M1_htm1.jpg","970","2026-02-05 11:54:29","455B46647087D8494A2C5865B4A4D6EC3BB2CC3C201DCA5EDC908A2C4A602CE3"
"Analysis\chm_decompiled\estimates\EstimateHelp\M2.htm","3643","2026-02-05 11:54:29","C43C48F8E366D0C0BE2FD5A2AF687CE26C114AE67C4868DA8479D58EBC75AA34"
"Analysis\chm_decompiled\estimates\EstimateHelp\M20.htm","3886","2026-02-05 11:54:29","105D29DDA4FAEA33AB394F2ED2C38976C58EF40B0BBF4193C05BCD79CE845517"
"Analysis\chm_decompiled\estimates\EstimateHelp\M20a.htm","1402","2026-02-05 11:54:29","D0D5D28A869B37137238B3F056F2937C280B3B3E930A693C4A17C254535A028B"
"Analysis\chm_decompiled\estimates\EstimateHelp\M20b.htm","1767","2026-02-05 11:54:29","49B45B18B54E03A8B22EA84205FF135BB72CFB6D22206FC741A7D3AD3F6411BB"
"Analysis\chm_decompiled\estimates\EstimateHelp\M20c.htm","2389","2026-02-05 11:54:29","0C21C1FBF7D5B7E3F1B8F66E4EFD21E88280179F9448A2EE94D9C3ECC491A8D5"
"Analysis\chm_decompiled\estimates\EstimateHelp\M21.htm","4697","2026-02-05 11:54:29","561F0C93EAEE4447B7B25FC8DE9D4D816B58520490A7B03D404B6112BEEDB9BF"
"Analysis\chm_decompiled\estimates\EstimateHelp\M22.htm","2974","2026-02-05 11:54:29","106C3267597D18E18B83C8C8CE3050DC3810ED0F975117E2E99F405D5F38C24A"
"Analysis\chm_decompiled\estimates\EstimateHelp\M23.htm","3006","2026-02-05 11:54:29","83BE2059283678C3FB9D01E1DFF3E2277F2F6B3EE4EB555CD8EB90B83242489A"
"Analysis\chm_decompiled\estimates\EstimateHelp\M23a.htm","1268","2026-02-05 11:54:29","0E1647BBDACA76F2374FCEC0BD6010213CBA73E4E1291D01656B6C4D460BB76B"
"Analysis\chm_decompiled\estimates\EstimateHelp\M23b.htm","1787","2026-02-05 11:54:29","774D80BE2F38C77BF350AC4720A6D0C2159D6ED7981C4F03FF1B1525C38B6FF2"
"Analysis\chm_decompiled\estimates\EstimateHelp\M24.htm","2094","2026-02-05 11:54:29","8F20C6276ACE3DAD9BDC23592EE9A1ABBC9BCBF16878505A52D104C047AA7B32"
"Analysis\chm_decompiled\estimates\EstimateHelp\M25.htm","1632","2026-02-05 11:54:29","74F5CCCA03AE3B85944D68703A71CC7CFDBE457DDF318D63A29B3CA75405E5F2"
"Analysis\chm_decompiled\estimates\EstimateHelp\M25a.htm","1372","2026-02-05 11:54:29","21B5BED413736BDFA2B49044A10EAAEE3730D0DDF3DD300B2ABB25987454F8E8"
"Analysis\chm_decompiled\estimates\EstimateHelp\M26.htm","1534","2026-02-05 11:54:29","7AB5CAC3AE6F575AE070C7971C610E22252A902E32A95541D8946C70F767074A"
"Analysis\chm_decompiled\estimates\EstimateHelp\M27.htm","1421","2026-02-05 11:54:29","14C84B067A1F8740E562B8448733A3DEFDE1E68E183B0C52984D6D1A2C03676D"
"Analysis\chm_decompiled\estimates\EstimateHelp\M28.htm","1386","2026-02-05 11:54:29","D85934AE2B71666316CBC0EDB3659F07AC1FAA2BA629642022DD6DF36974FA6E"
"Analysis\chm_decompiled\estimates\EstimateHelp\M28a.htm","1670","2026-02-05 11:54:29","E393F6A1EE81CB7A1F159DCCAA20C61E94D51355B9D48EA8D6C852B6B2D5D31A"
"Analysis\chm_decompiled\estimates\EstimateHelp\M28b.htm","1520","2026-02-05 11:54:29","61C946CC8B363DC75218BE0B72E80D7600169A85F5BEFCFBD5063C4B5B48C621"
"Analysis\chm_decompiled\estimates\EstimateHelp\M28c.htm","1427","2026-02-05 11:54:29","0A3438897B410C6379125CF9523A07A64B85413FE4AB8EDD829B617077112BFD"
"Analysis\chm_decompiled\estimates\EstimateHelp\M28d.htm","2027","2026-02-05 11:54:29","B05B0BF7DE0EFA95FCCD8E1450D24F7595AFE789824E29684B92ADCB669B3CF7"
"Analysis\chm_decompiled\estimates\EstimateHelp\M28e.htm","1693","2026-02-05 11:54:29","10CBBF808DCCC2BB2B30D5A55D006F07F218DA607D43454463EB88E541317225"
"Analysis\chm_decompiled\estimates\EstimateHelp\M28f.htm","1454","2026-02-05 11:54:29","6C4799EF40301E148AF0F4A025281B19165CC1212AB1AEC342F01299DC014AFD"
"Analysis\chm_decompiled\estimates\EstimateHelp\M28g.htm","1188","2026-02-05 11:54:29","DB60AEA8E7AE0D9C518BA9AD18C530DE5B6C044C30B16588B1F8EA9D92646EE2"
"Analysis\chm_decompiled\estimates\EstimateHelp\M28h.htm","1683","2026-02-05 11:54:29","BD7FB793FC75865FA210C4B97925103A94E3375B45F3EA40A2501F4CE897E157"
"Analysis\chm_decompiled\estimates\EstimateHelp\M28i.htm","1706","2026-02-05 11:54:29","6F8F1278ABF88F34AED4FAAEC55E4B6AB1F3669BDA1B4EAB79A760F328CFCCF7"
"Analysis\chm_decompiled\estimates\EstimateHelp\M28j.htm","1310","2026-02-05 11:54:29","994DB5E60A823D9AB77415DFB49401B88E9720767F327F29D0DA586ABEB98CD8"
"Analysis\chm_decompiled\estimates\EstimateHelp\M28k.htm","1231","2026-02-05 11:54:29","BBDF291CFD98435EB7BE17940C8270723E1120635A7C0AA03CC3B5220134AE62"
"Analysis\chm_decompiled\estimates\EstimateHelp\M28l.htm","1376","2026-02-05 11:54:29","9AA359192EF030AE2C6D1C4FC5A2E2232E91EC0B86B65B2BAAB9C8089066A9AC"
"Analysis\chm_decompiled\estimates\EstimateHelp\M28m.htm","1392","2026-02-05 11:54:29","B7F517763DD7ACA7E31E87F144D82B196CC68FFD4BF8A7BA841B220709B613AB"
"Analysis\chm_decompiled\estimates\EstimateHelp\M29.htm","1512","2026-02-05 11:54:29","5DBC41BD0E6F97B6F8C9BC85F3F53205ED0F429DABAEFECCAC6CD187A9C19B76"
"Analysis\chm_decompiled\estimates\EstimateHelp\M29a.htm","4073","2026-02-05 11:54:29","B542F83348ECC3615173D914A7C46B89CC0891EDADF1EBFF70BC8D1141C48086"
"Analysis\chm_decompiled\estimates\EstimateHelp\M29b.htm","2280","2026-02-05 11:54:29","CC57EFCF1CD4D4F1062B96B006DEB3B87043FFB311E6695AE2B2EF0F61D3640B"
"Analysis\chm_decompiled\estimates\EstimateHelp\M29c.htm","2048","2026-02-05 11:54:29","B0732940A608FA9C3AF767856569BA73F50EDD8FDDC406017F6B50A16CE8B2F3"
"Analysis\chm_decompiled\estimates\EstimateHelp\M3.htm","4490","2026-02-05 11:54:29","CFF44B7215A14C03F566E796479B9EC6403D63CC2BEF93B8896F140ECB363A4C"
"Analysis\chm_decompiled\estimates\EstimateHelp\M30.htm","3521","2026-02-05 11:54:29","9A5FD1330C96274AB9DD514FFE0D05A5131EC7CB80D43465405F3FCD7313F731"
"Analysis\chm_decompiled\estimates\EstimateHelp\M31.htm","1518","2026-02-05 11:54:29","A355AC9D9B929928345BE80DCC0537B4511E4BE66CD023C2BE1C79943BAA1A1D"
"Analysis\chm_decompiled\estimates\EstimateHelp\M31a.htm","3711","2026-02-05 11:54:29","05A4B73894C41D30C3F891FCA12B2CC64383D46FA609D86258E95C973B05C3A9"
"Analysis\chm_decompiled\estimates\EstimateHelp\M31b.htm","1370","2026-02-05 11:54:29","C951C14F9AA330AC9F14771B39BD06D701D91B6113F2F8A8B8D32A84C83EEBCC"
"Analysis\chm_decompiled\estimates\EstimateHelp\M32.htm","2609","2026-02-05 11:54:29","106747D58AE7B7617B7E46E5387C4AA15DFBFF8F0BCF835CFEE4C900D88CC773"
"Analysis\chm_decompiled\estimates\EstimateHelp\M33.htm","1589","2026-02-05 11:54:29","E94CB155A0FA08E8B9D5BFC9B80458C729576867219278F7C5B604ECE30A453E"
"Analysis\chm_decompiled\estimates\EstimateHelp\M34.htm","1636","2026-02-05 11:54:29","49F1F634C4FE5D62A74BC1FF742FB6A6B53636FE9BB537B088E368B79158B64C"
"Analysis\chm_decompiled\estimates\EstimateHelp\M35.htm","2215","2026-02-05 11:54:29","6865301543DA9DB151CDDA3A424D421D4509BBD7F9260A3C9E868E2F949D7DE7"
"Analysis\chm_decompiled\estimates\EstimateHelp\M35a.htm","1993","2026-02-05 11:54:29","B5E7ED8D23A302DAF1D3C7D80A3A58062F3A5F56CD1A52622641404A4BDD0A6F"
"Analysis\chm_decompiled\estimates\EstimateHelp\M36.htm","1920","2026-02-05 11:54:29","D25E330692DB41F3F421C439A581BC984C2328592D112B4B79B030CE7EBA8626"
"Analysis\chm_decompiled\estimates\EstimateHelp\M36a.htm","1773","2026-02-05 11:54:29","9D3299738E680F2738815A9B3CA5619496472E3AD383441166F47C454145F2B7"
"Analysis\chm_decompiled\estimates\EstimateHelp\M37.htm","1825","2026-02-05 11:54:29","00D54EB1972E74716CC64AE1606EF4CED60C7B0269EA12030642FE8D87491B3D"
"Analysis\chm_decompiled\estimates\EstimateHelp\M38.htm","1464","2026-02-05 11:54:29","B43CE9ECC238E400777CA3E7159CBB0A3CDBFB6B5734B53428DC15954A0BAF4A"
"Analysis\chm_decompiled\estimates\EstimateHelp\M39.htm","1403","2026-02-05 11:54:29","BBFB2402367F05C44923545D4266BD3CA7DCC3B9718832B4F602291DECFFD3E4"
"Analysis\chm_decompiled\estimates\EstimateHelp\M40.htm","1729","2026-02-05 11:54:29","965CFB3E8EB9426CEFEEDE4BD92416800697A0B227F78E0B3A200E61ADD957AA"
"Analysis\chm_decompiled\estimates\EstimateHelp\M41.htm","1735","2026-02-05 11:54:29","A0D654E8C0E4A2B2D26FC094DA52968E36F9BCB3CAE4176D1BCBBE6B7A957FCB"
"Analysis\chm_decompiled\estimates\EstimateHelp\M42.htm","4231","2026-02-05 11:54:29","34173B704BE0DE5AA3A7D100EDEAB633336C88438F220834D9A98C4121FAA644"
"Analysis\chm_decompiled\estimates\EstimateHelp\M42a.htm","1666","2026-02-05 11:54:29","887B12B8366378C57228CB5384AAA3AF99B073D9231291D1DC9E875451800B8F"
"Analysis\chm_decompiled\estimates\EstimateHelp\M42b.htm","3047","2026-02-05 11:54:29","7797D9D0DEADA915730C29D2A3E30985FD3A9BE97D59D687D62E0EBB665FA70F"
"Analysis\chm_decompiled\estimates\EstimateHelp\M43.htm","2071","2026-02-05 11:54:29","AFA0DF1B3B842F7C6A585E9740786A37CA8965DA80894D79BCDE2C43DB2A57CE"
"Analysis\chm_decompiled\estimates\EstimateHelp\M44.htm","1746","2026-02-05 11:54:29","527D4DB5034EEB3D2DEA9066E7300B1F74D848BC5E1FB0EF1C2ED1F9235CFE18"
"Analysis\chm_decompiled\estimates\EstimateHelp\M45.htm","2956","2026-02-05 11:54:29","8F3F33DFDBDDAE85840B06D7E4A2FFB81A57DDE684DF4A5A03FF91BE49E0EB35"
"Analysis\chm_decompiled\estimates\EstimateHelp\M45a.htm","2822","2026-02-05 11:54:29","B328B4820D793022A899CA687FA632F11D02B42B4D76C732DA4901D356C3CE2A"
"Analysis\chm_decompiled\estimates\EstimateHelp\M45b.htm","1389","2026-02-05 11:54:29","0ECFBC354E2995123B665F6FADDB84BF64FEB1643424DCA7BF6FEE9F78A6AE9B"
"Analysis\chm_decompiled\estimates\EstimateHelp\M46.htm","1996","2026-02-05 11:54:29","D02A32D71AA2FB6E4D8B76921BFEF155B5E63C42AC89A9E39240BC27205BFDD6"
"Analysis\chm_decompiled\estimates\EstimateHelp\M47.htm","1449","2026-02-05 11:54:29","744F4CDBA2E04D2F899B274F4CFF5748DC3145CBF4F7BDC585440D1B10FB5B5C"
"Analysis\chm_decompiled\estimates\EstimateHelp\M48.htm","1937","2026-02-05 11:54:29","78ECDDF215EEDCBDEE4AAD95DC07B37771A7CB927290DEF43EE5E7E3B3B100D1"
"Analysis\chm_decompiled\estimates\EstimateHelp\M49.htm","1499","2026-02-05 11:54:29","6C8FED23EF3AF768A38FB245BA0EFB985ABCDF38305222B4F9566D4020507D3F"
"Analysis\chm_decompiled\estimates\EstimateHelp\M49a.htm","1478","2026-02-05 11:54:29","0F3E279820C6BBFE7A61C108019E06191EB7356482C0545C1074326B87E9207D"
"Analysis\chm_decompiled\estimates\EstimateHelp\M4a.htm","4275","2026-02-05 11:54:29","17AB35622406CF698BBABB74936E0AD71FC37767078C4BCBCA1F38211FAD012A"
"Analysis\chm_decompiled\estimates\EstimateHelp\M4a1.htm","2802","2026-02-05 11:54:29","BFFD8BD26F926D84B129B42C0589BFFF305D963D75C474F78A347414CB67F580"
"Analysis\chm_decompiled\estimates\EstimateHelp\M4b.htm","1984","2026-02-05 11:54:29","8CB2C908332D9D304F0CCC9CF90EDE5A71E80371E3909730461C96AF436D0362"
"Analysis\chm_decompiled\estimates\EstimateHelp\M4b1.htm","2496","2026-02-05 11:54:29","C8470ADDC5046056B296B37A8A5854B134DB54ED828F7CC93C783FB96BD32945"
"Analysis\chm_decompiled\estimates\EstimateHelp\M4c.htm","4052","2026-02-05 11:54:29","7F01BF7C8B02A14EDF9792259F0D75CAA66DA784143141EA5B07C2FFB741C71C"
"Analysis\chm_decompiled\estimates\EstimateHelp\M5.htm","2539","2026-02-05 11:54:29","13C51915C42E4AFD61B14919B2B5014C8338DAD1552E4FF597125492EE0351FC"
"Analysis\chm_decompiled\estimates\EstimateHelp\M50.htm","1371","2026-02-05 11:54:29","3E4AA4F331F8F8F34F0238EC2CCC2D93B8D783B4E9E1831BED4DEB933A3CBF7A"
"Analysis\chm_decompiled\estimates\EstimateHelp\M51.htm","1725","2026-02-05 11:54:29","180551CE1D673D893F677B9A42FE8C260C697D199022802AC4C8C2C3F9E467C0"
"Analysis\chm_decompiled\estimates\EstimateHelp\M52.htm","2835","2026-02-05 11:54:29","7370B821D4017F5DAC2909266867B22497303ADE277DA64B9300C642AE6625C9"
"Analysis\chm_decompiled\estimates\EstimateHelp\M52a.htm","2864","2026-02-05 11:54:29","08033FE0912405229172696EA15DF1F3EE7DD23850F4AABAD8D0561F823989F6"
"Analysis\chm_decompiled\estimates\EstimateHelp\M53.htm","2665","2026-02-05 11:54:29","96F5B1B4EFFF9DCDF34B04D825F2CC24C334A82C6E13D2FEC01E3E4ECA536E6E"
"Analysis\chm_decompiled\estimates\EstimateHelp\M53a.htm","1729","2026-02-05 11:54:29","F0FA28AEF9263ACFF5C6DA2C6BAA7CF1A0372BEAD4B1E8C418BC9A802576FBCF"
"Analysis\chm_decompiled\estimates\EstimateHelp\M54.htm","1482","2026-02-05 11:54:29","BAFBBF1E3E3DB6BEEDB1393D9F0C2E316CFE610DDDCF651E1C7EA21860D91533"
"Analysis\chm_decompiled\estimates\EstimateHelp\M55.htm","2186","2026-02-05 11:54:29","381D61CFCCC1272002A11B2C9AE6B70BEACEA84684F48C109EA085E0A4966E38"
"Analysis\chm_decompiled\estimates\EstimateHelp\M56.htm","2404","2026-02-05 11:54:29","82911638808661D47EC1064FF59841D1176335FF0F2B0BEC6FF2DD4F33D72CB9"
"Analysis\chm_decompiled\estimates\EstimateHelp\M57.htm","2331","2026-02-05 11:54:29","EC3EFD0C0B3D7DABBCF53DA57670BDF03EEEA2CDBA7B434F41626F61C6225C0B"
"Analysis\chm_decompiled\estimates\EstimateHelp\M58.htm","2130","2026-02-05 11:54:29","A91CC9A71D319477404E3089A48B51B6BA5A7E1F3D367871DDED693BE6B42C23"
"Analysis\chm_decompiled\estimates\EstimateHelp\M59.htm","2042","2026-02-05 11:54:29","3A92727DE0C36273CD0B21E5422861F6FAFB0C7CFC31AB1CEB435889275357EB"
"Analysis\chm_decompiled\estimates\EstimateHelp\M5a.htm","1597","2026-02-05 11:54:29","5A5B9A8A2486C2BECD80F17A8DF32D3E05789B2F8008658438885C7A28A92AB6"
"Analysis\chm_decompiled\estimates\EstimateHelp\M5b.htm","1589","2026-02-05 11:54:29","840CE6FF57A0B953A54A5B576ADA96B4E45539A2232C408EE423E7182A6775AD"
"Analysis\chm_decompiled\estimates\EstimateHelp\M5c.htm","1266","2026-02-05 11:54:29","3BB717AA8DD79900840EAF53718DCAC66EC964AFC1CF7ACE6A70487B5AC1F67D"
"Analysis\chm_decompiled\estimates\EstimateHelp\M5d.htm","1344","2026-02-05 11:54:29","6DA315D41D52F71ED054C15B6FCFB8F2A4B56DB6432FBFA12F92A38D135E4274"
"Analysis\chm_decompiled\estimates\EstimateHelp\M5e.htm","1348","2026-02-05 11:54:29","6DD842D460E98DC4CA49F58B3BC67CC66A0D5EFBD6A8704428A6FEC16FE8764E"
"Analysis\chm_decompiled\estimates\EstimateHelp\M5f.htm","1870","2026-02-05 11:54:29","2BB36876136F97EFDDE65A5805444F872A0A6DFBB35479420E431608A3350C23"
"Analysis\chm_decompiled\estimates\EstimateHelp\M5g.htm","4002","2026-02-05 11:54:29","B2241B3CDCB763BA701D6ED809443EFB1C37DE3C951D211B1346D993CDD87682"
"Analysis\chm_decompiled\estimates\EstimateHelp\M5h.htm","1409","2026-02-05 11:54:29","5A8E675A59BD9BE0976328DDCB7CF9F1E6E6F0E213290E28DE0ED6AA64A42D54"
"Analysis\chm_decompiled\estimates\EstimateHelp\M5i.htm","1629","2026-02-05 11:54:29","18A8ED771318D146200C15170C0AC33A33F613D5C643C9299CF367631C6EC335"
"Analysis\chm_decompiled\estimates\EstimateHelp\M6.htm","3781","2026-02-05 11:54:29","D2A73EDDAB1894D732FEA007FFDA05A3B22A39979A970CC1CB6E238B1977AA07"
"Analysis\chm_decompiled\estimates\EstimateHelp\M60.htm","3415","2026-02-05 11:54:29","16D076E4F7DEEAE7E7029A51A4F1FB229412B6D65F4FACC2F6775F15E4BBCC66"
"Analysis\chm_decompiled\estimates\EstimateHelp\M60a.htm","1636","2026-02-05 11:54:29","646AB709A0C99DDC174273B9C924AEA740A4CECC37FE8925E5701125B209F850"
"Analysis\chm_decompiled\estimates\EstimateHelp\M61.htm","1761","2026-02-05 11:54:29","E039DE01E01673646F19A013B4C663BC1BC72D158CC5892151CBEC2AB7E0B576"
"Analysis\chm_decompiled\estimates\EstimateHelp\M61a.htm","1673","2026-02-05 11:54:29","D560FC248D0ACA930291B2550061515BC017087E2F1ADF8CD1B4F832D063DC62"
"Analysis\chm_decompiled\estimates\EstimateHelp\M62.htm","2204","2026-02-05 11:54:29","F854556537FD5CF1D96AD4763571E42E3CAE1EA3DAA9AF6811FDD8E5B106C208"
"Analysis\chm_decompiled\estimates\EstimateHelp\M63.htm","1870","2026-02-05 11:54:29","DBC88058BC7EE7605F813888841E9389CF11C4AF8765166017A00178AE8D75FB"
"Analysis\chm_decompiled\estimates\EstimateHelp\M64.htm","1426","2026-02-05 11:54:29","3C07575F2BD90D38951A785CCF797B79A420905B8549DF13B3CB7B2619745A8C"
"Analysis\chm_decompiled\estimates\EstimateHelp\M65.htm","1710","2026-02-05 11:54:29","0F0C05AF2B31C3A4784251469D841BDA78C0D6C4D70198734C73BF0119DCB427"
"Analysis\chm_decompiled\estimates\EstimateHelp\M66.htm","1292","2026-02-05 11:54:29","9DB77F85AFDEB6F88D62AE1EDEA20FDB6C0FD2293206A2294773A44E0D1DACDC"
"Analysis\chm_decompiled\estimates\EstimateHelp\M67.htm","1327","2026-02-05 11:54:29","164D9338D98403377E1BAAA63B30986E4806D6801EFA600FE28DF67B2016051D"
"Analysis\chm_decompiled\estimates\EstimateHelp\M68.htm","1529","2026-02-05 11:54:29","3103BCC3460C9930B995BAE50106F708FF5A8E77F8D1AA737E27F63E32188086"
"Analysis\chm_decompiled\estimates\EstimateHelp\M69.htm","2096","2026-02-05 11:54:29","40CF620AAEC47DC3C3F194B2FFCA328464EAF1C9D3717237005D700F6B1E406C"
"Analysis\chm_decompiled\estimates\EstimateHelp\M6a.htm","1675","2026-02-05 11:54:29","BA86141EB8FEECA17F9A428FAF5F64A89A26B714D260864F5CB0DACD6B7D1684"
"Analysis\chm_decompiled\estimates\EstimateHelp\M6b.htm","1249","2026-02-05 11:54:29","A15B76BA5CBF5AA83D78F847D7A4640E90DA5E135DE0DB26E4AF5C4617CF315B"
"Analysis\chm_decompiled\estimates\EstimateHelp\M7.htm","2257","2026-02-05 11:54:29","8DE1787B670C6519B702272F5CA0727BE996ACED4C606115C5A0AAAE26504460"
"Analysis\chm_decompiled\estimates\EstimateHelp\M70.htm","1782","2026-02-05 11:54:29","062AD49952DB774048F8B92B887E702587826CDD19B4A0D1EB29DB0E57A24FF4"
"Analysis\chm_decompiled\estimates\EstimateHelp\M72.htm","2026","2026-02-05 11:54:29","AE587964C9B65E3D9EE6BFD3E9D0B040276467CE5438C641962F32834D14BC9B"
"Analysis\chm_decompiled\estimates\EstimateHelp\M73.htm","1734","2026-02-05 11:54:29","2077D872C51A33DD273BBCD474CECDA0B7447A4A1F8B22BF66E598966765D48F"
"Analysis\chm_decompiled\estimates\EstimateHelp\M73a.htm","1350","2026-02-05 11:54:29","EC6E94158828F5B819D55286BA41548DD70690A7F88B1943E1B46C88C3415657"
"Analysis\chm_decompiled\estimates\EstimateHelp\M74.htm","1505","2026-02-05 11:54:29","F89C7958F0C94E2D515BAABF71CEAD148641D42D773347AD75106AC73925CC94"
"Analysis\chm_decompiled\estimates\EstimateHelp\M75.htm","2127","2026-02-05 11:54:29","963AB60DC7C61AE2E70C56009A0376ACD7103CF4B62A1F41C83ECDE78C6E8258"
"Analysis\chm_decompiled\estimates\EstimateHelp\M76.htm","1380","2026-02-05 11:54:29","2100572E43F1402D81628EA06106A17E43EA81E37BAF823A758D37697CB5F374"
"Analysis\chm_decompiled\estimates\EstimateHelp\M77.htm","1693","2026-02-05 11:54:29","305FAC5BEA043A1D61FC3C8A0F2ABA2F287310AAD053A78D30D5341839D0DB32"
"Analysis\chm_decompiled\estimates\EstimateHelp\M78.htm","1645","2026-02-05 11:54:29","EEF7AE47DFB888E6AE3139907B2107B97C2921150E29C0EFDB97864A47BD0392"
"Analysis\chm_decompiled\estimates\EstimateHelp\M79.htm","1326","2026-02-05 11:54:29","E860CCB303C7E7DF3A7461D921E754B72FE4A97F021A71A361D530694158D75F"
"Analysis\chm_decompiled\estimates\EstimateHelp\M7a.htm","1756","2026-02-05 11:54:29","EE8E76F34631DD3F007934A7C9DE70751AD6ABFA1FBA0A258B7D976E23E061AB"
"Analysis\chm_decompiled\estimates\EstimateHelp\M8.htm","2919","2026-02-05 11:54:29","3F41C74B8ECB5E276E1A3BE00775F11EA66C4AAF575D336E340B2FA71AF62E0B"
"Analysis\chm_decompiled\estimates\EstimateHelp\M80.htm","1270","2026-02-05 11:54:29","879C045FE13BECB2F8960F2E8EDD193818B3F5D04CD1AD78DEE7E2D2AF0BFF1E"
"Analysis\chm_decompiled\estimates\EstimateHelp\M81.htm","1277","2026-02-05 11:54:29","9D700A1C36C173C937A950D0B389A111414C19E87798906C54BDB28F2B666C3C"
"Analysis\chm_decompiled\estimates\EstimateHelp\M82.htm","1686","2026-02-05 11:54:29","D9B22D5975123D3BD2E96A879838501BC66930A4CF7A8F29281C280F45FD781E"
"Analysis\chm_decompiled\estimates\EstimateHelp\M83.htm","1824","2026-02-05 11:54:29","65523877EDA60100B5E4A78393360EEFA3EEB7EEA423B85DC4627EFAA89F9275"
"Analysis\chm_decompiled\estimates\EstimateHelp\M84.htm","1789","2026-02-05 11:54:29","3BFEC41EEBA2E6E96DE508E00155B3CF1BBFAE57170CD9A7AEB80138A595D118"
"Analysis\chm_decompiled\estimates\EstimateHelp\M85.htm","3991","2026-02-05 11:54:29","509997EE696AF781513428E81C212EB381E89D3D5548FEF62F5E7EE5A704E09C"
"Analysis\chm_decompiled\estimates\EstimateHelp\M86.htm","3454","2026-02-05 11:54:29","67003513CE3CDEF086EFB62EAB37D73790656199774519AB64BB2947777CEF3D"
"Analysis\chm_decompiled\estimates\EstimateHelp\M8a.htm","1448","2026-02-05 11:54:29","9CCBA7F996E7139258A3AB26FB2C8C916C3C0D4A77023A2607A0E9144E6DE550"
"Analysis\chm_decompiled\estimates\EstimateHelp\M8b.htm","1571","2026-02-05 11:54:29","CB3FE285B298384D755E17FAA165BBDFAFAD8C9A53BC8F7CA81EEFC3672E12D3"
"Analysis\chm_decompiled\estimates\EstimateHelp\M9.htm","4071","2026-02-05 11:54:29","93787BEA996B9EBDBAB4D2ED806C831C65E76B737B30B31501396BFF47838B06"
"Analysis\chm_decompiled\estimates\EstimateHelp\M94.htm","1578","2026-02-05 11:54:29","5C0A9A72F659D537235FC758F73C7E17AD58C0BFA00C8CC0E6EC924C02CB4AC5"
"Analysis\chm_decompiled\estimates\EstimateHelp\M98.htm","1537","2026-02-05 11:54:29","F0F926D2CA3002B09943FA035A7E195BCB9E6CB0C7EA88741A6F5CC803797B13"
"Analysis\chm_decompiled\estimates\EstimateHelp\M99.htm","2806","2026-02-05 11:54:29","10AB12B546848A305D20008EA608D47CCC9C23F3A5629B368A67CFDB55DBE00B"
"Analysis\chm_decompiled\estimates\EstimateHelp\mercury.gif","90436","2026-02-05 11:54:29","6229DCAF6A01B1B6D68C9478347A5B7F0F1C06BDDA6CF368B69166C22124EFF1"
"Analysis\chm_decompiled\estimates\EstimateHelp\neon.gif","89740","2026-02-05 11:54:29","B01EB63D9087AA70354F77CE0BB6DCB238D79815485CD6623E5568A38B133C69"
"Analysis\chm_decompiled\estimates\EstimateHelp\neon.html","3731","2026-02-05 11:54:29","04B8AE435DF869F814501BD093B3910F47CD5C1BD838FE9EE0C658E39128729D"
"Analysis\chm_decompiled\estimates\FilesMaintenance\AddEmployee.htm","1294","2026-02-05 11:54:29","2E6203692953F4E6151D8E495126A760F77D705B5420219D86066A09F1F4BAB1"
"Analysis\chm_decompiled\estimates\FilesMaintenance\AddEmployee.jpg","2532","2026-02-05 11:54:29","85D9ABD31C65D71AE2D2340B0E5DE1AF64CDFBF9F8F006B7D40946A6FC86BA63"
"Analysis\chm_decompiled\estimates\FilesMaintenance\customers.html","1315","2026-02-05 11:54:29","EC14078AC8BDDA8F7C5B89CCBE66AB20B1D9F1EE3660FE811AC391D6B8E3C865"
"Analysis\chm_decompiled\estimates\FilesMaintenance\Inventory.jpg","5662","2026-02-05 11:54:29","A6F2BBCE6F7EFF37386CC2A1FC0D8AFAE30DAF6612AFDF7CC86D19782CD2737E"
"Analysis\chm_decompiled\estimates\FilesMaintenance\Journeyman.jpg","6301","2026-02-05 11:54:29","FA1AE06A1DA9CA500885BF62D4C1840AA12BB9BB0A1CA067E6E64FCF3807D21B"
"Analysis\chm_decompiled\estimates\FilesMaintenance\JourneymanCosts.jpg","8431","2026-02-05 11:54:29","56EF63AE5E5925C0689EEC81E23ECF043D6E600675FEB00A9DEE0367FC07D5F3"
"Analysis\chm_decompiled\estimates\FilesMaintenance\JourneymanRate.htm","4310","2026-02-05 11:54:29","05B09F39596CBE29DC2C6FE02703A09F5DA30EB62C78E51A876A3E093D81B2D8"
"Analysis\chm_decompiled\estimates\FilesMaintenance\JourneymanRatesReport.htm","880","2026-02-05 11:54:29","22F2C604F33A415A65C385EEA85CE7F199A5848FEE44FFE053290E19EE2B85EF"
"Analysis\chm_decompiled\estimates\FilesMaintenance\LF.htm","952","2026-02-05 11:54:29","D13B752C6A04F8236EDAB791D7C3CC72B9F6F7BC29245126642C017D40C51A51"
"Analysis\chm_decompiled\estimates\FilesMaintenance\LF1.jpg","6178","2026-02-05 11:54:29","C174A581A10EDD49A20865D4E06CD9959D2E62E19FC5F0BB2564E538E3BF5EC0"
"Analysis\chm_decompiled\estimates\FilesMaintenance\LF2.jpg","5189","2026-02-05 11:54:29","CCDFAE27529C475572C907660C798A00A322AE8F21FB2529EAFE43912A09B543"
"Analysis\chm_decompiled\estimates\FilesMaintenance\LFNot.jpg","2278","2026-02-05 11:54:29","5006AE7E5F710ACCD1FE8608FECCCE8AA39D23BDEC14BF7A86B923AF8C067923"
"Analysis\chm_decompiled\estimates\FilesMaintenance\LFReport.jpg","4469","2026-02-05 11:54:29","41F0AD4150CA7078AAA300AE0DD0C17C9DEFD7516FB23FD78C2D4748B73AF637"
"Analysis\chm_decompiled\estimates\FilesMaintenance\LFUpdate1.htm","1845","2026-02-05 11:54:29","B39B24019554D8E6AEDC3361895A618704479B64046FFC739F7F1D9C11105655"
"Analysis\chm_decompiled\estimates\FilesMaintenance\LFUpdate2.htm","1235","2026-02-05 11:54:29","53F63BB2EBD58EE426CDC38829BF02CBE6564A2D12302E763B0A44F6D42B1CEB"
"Analysis\chm_decompiled\estimates\FilesMaintenance\MaintenanceMenu.htm","2412","2026-02-05 11:54:29","7293949BB55AE836D1EBF52FD7011A69EDB02D4E3967C0BDE3E679ED212169AD"
"Analysis\chm_decompiled\estimates\FilesMaintenance\Markups.jpg","6234","2026-02-05 11:54:29","D2DE6C81C4F98FFAC84A62CDAA25EDFF24EBC0E72B5A532678039278847A0421"
"Analysis\chm_decompiled\estimates\FilesMaintenance\MaterialList.htm","933","2026-02-05 11:54:29","E5E180F65C3859A08D5F6E7B010E8B582F70803B87B0785350FA6C19CCAA5E95"
"Analysis\chm_decompiled\estimates\FilesMaintenance\MaterialMarkups.htm","822","2026-02-05 11:54:29","06522D4693D365E888E2BA6B261868B1183943E8820E3CF1DFF743E8A9E817D8"
"Analysis\chm_decompiled\estimates\FilesMaintenance\Materials.jpg","3142","2026-02-05 11:54:29","C141957431786D0297712D6A8544E9041C30C042A927E75B1EC10CB1208B5763"
"Analysis\chm_decompiled\estimates\FilesMaintenance\MaterialsUpdate.htm","2444","2026-02-05 11:54:29","D05376E9232E7F3BE05A9E1429DFCC4EE8687EC6D4A0D615567E4FB4F9C1FEFD"
"Analysis\chm_decompiled\estimates\FilesMaintenance\Menu.jpg","14219","2026-02-05 11:54:29","EA27B836B168946D68FBF41DF27CE4603EEFDC512C5AB600D48BB1F7B38E0810"
"Analysis\chm_decompiled\estimates\FilesMaintenance\PrintJourneyman.jpg","1318","2026-02-05 11:54:29","C14D1D56E9849E0C37DE15B3A738314C77BAED7CB23A26EE348B6BD0F2317F6C"
"Analysis\chm_decompiled\estimates\FilesMaintenance\PrintLFDepart.jpg","1341","2026-02-05 11:54:29","108D50E79B5F459D86AFF2C918FE6FA83670537C29B417CBDDD1969BB02515E3"
"Analysis\chm_decompiled\estimates\FilesMaintenance\PrintLFNotUpdated.htm","1500","2026-02-05 11:54:29","D4CF0ED3DB49C8A5858CDE93FA217AE32200881C59004EE472A806641B7BE84B"
"Analysis\chm_decompiled\estimates\FilesMaintenance\PurgeEstimates.htm","1701","2026-02-05 11:54:29","03C7C997644650CE0EDFE102B91C158B5A20E41729A55F2515D1EDC429FE881B"
"Analysis\chm_decompiled\estimates\FilesMaintenance\PurgeEstimates.jpg","7976","2026-02-05 11:54:29","961E5D7BB57F46C79323840E2031044D267B3A7D7D3A6D38EB4B75A0E250A986"
"Analysis\chm_decompiled\estimates\FilesMaintenance\SalariesUpdate.htm","2244","2026-02-05 11:54:29","D41C5FBC44BC4C58612298CFCE76C2DAB5A01C5AFCC626C46F9941471647F92B"
"Analysis\chm_decompiled\estimates\FilesMaintenance\SalariesUpdate.jpg","2787","2026-02-05 11:54:29","8E1686E61A5DD17FF861911E2DB9483A7C8762FF596DD077D467B6E9BC1799D9"
"Analysis\chm_decompiled\estimates\FilesMaintenance\Salary.htm","909","2026-02-05 11:54:29","F50749797CA52A705A35CE0D03115BC0B001F2918352E47F9544420DBA2DB81F"
"Analysis\chm_decompiled\estimates\FilesMaintenance\SalaryID.jpg","3782","2026-02-05 11:54:29","16F7BE956A27AF26A1BA6F33332B33AE4AAED2D0140F09596F2DDF4C167B8922"
"Analysis\chm_decompiled\estimates\FilesMaintenance\SalaryName.jpg","3850","2026-02-05 11:54:29","F3A9B33C9572FFA4F1D2BF29ACD6C7C811D1F37AF1E84DD4CE14DED83B1CDCE3"
"Analysis\chm_decompiled\estimates\FilesMaintenance\select_customer.jpg","33479","2026-02-05 11:54:29","A61F03ED89D6246EDE7BD6AAA7B2637B8EC0A9DF3DEF3DF958AB05C38DD8CE9D"
"Analysis\chm_decompiled\estimates\FilesMaintenance\UnchangedLF.htm","744","2026-02-05 11:54:29","2502053A0A1E39F1E4A609ADA91856DB293AC644C6F47DC39CD0FE2BDAF25241"
"Analysis\chm_decompiled\estimates\FilesMaintenance\UnchangedLF.jpg","8466","2026-02-05 11:54:29","13398C3FDC259A0948F6631CF726B80E458DDE7BBABC839662A0FE8E749823EF"
"Analysis\chm_decompiled\estimates\FilesMaintenance\UpdateEmployee.htm","1707","2026-02-05 11:54:29","8A260AE5AC2840267293F44A8167E9DE1989899760403035D996762AC52193C1"
"Analysis\chm_decompiled\estimates\FilesMaintenance\UpdateEmployee.jpg","2558","2026-02-05 11:54:29","0722EA0679B0E92A4038F9BBDDA0551D14233DA2586F424B116A4284292CDD02"
"Analysis\chm_decompiled\estimates\JobCosting\AddMaterial.htm","1316","2026-02-05 11:54:29","0FD978D7493E044743E392BDF380136EF9A98D92F631DAD4F228BADCC0B4C2AA"
"Analysis\chm_decompiled\estimates\JobCosting\AddMaterial.jpg","36976","2026-02-05 11:54:29","92552C53F0354923A326FD57DFBFC38EAE2AFE2C0F94CFD81A5FBB08A27A9844"
"Analysis\chm_decompiled\estimates\JobCosting\CloseJob.htm","2085","2026-02-05 11:54:29","801F7CB215C63F1E234E44BFA6687B5EEA2EFD9A0F75D8644292F684A450728F"
"Analysis\chm_decompiled\estimates\JobCosting\CloseJob.jpg","4025","2026-02-05 11:54:29","9D39CF587A1A953C59A16A1F594CEA3508D57E3D32105C0F70E96ED7271B9C13"
"Analysis\chm_decompiled\estimates\JobCosting\CompletedJob.htm","2380","2026-02-05 11:54:29","07D1E27DA10BACAD8A4B0EAC5482C5894E5C898EC4F9BFB97F7D03FF8D94B9FD"
"Analysis\chm_decompiled\estimates\JobCosting\JobCostData.htm","2297","2026-02-05 11:54:29","A073325D8B09E5E66907E7478962AB39F888346B2AA63CF060F9A96C406A9E21"
"Analysis\chm_decompiled\estimates\JobCosting\JobCostData.jpg","3988","2026-02-05 11:54:29","44BC0F57EEE46274F0188253DA0771C59EEDFD669801A70DC635B3F94DF3A933"
"Analysis\chm_decompiled\estimates\JobCosting\LaborData.htm","3550","2026-02-05 11:54:29","45DD81E189099E7025FEB7CC111A4CE7720B3A61F41FE0B5730437D34C9A7B94"
"Analysis\chm_decompiled\estimates\JobCosting\LaborData.jpg","46400","2026-02-05 11:54:29","A3EF6E8E3164363087458136E15310445E94332BC49CC45DEDD8BBFB619018FB"
"Analysis\chm_decompiled\estimates\JobCosting\MaterialData.htm","1873","2026-02-05 11:54:29","BE094DFD34AB59A09CD7E93F04EFC7ABFA572BAFA4E56D661792BA0816DD2471"
"Analysis\chm_decompiled\estimates\JobCosting\MaterialData.jpg","5906","2026-02-05 11:54:29","578A3D75C79179CBE4D2393173E4D256F36887BC4EE9D71E48D84139F824D6C6"
"Analysis\chm_decompiled\estimates\JobCosting\Printout.jpg","1393","2026-02-05 11:54:29","3BDC65F673CEF8ADD61EC6441D5ED752B205C3EA8E671C2E43A7CF5DB0A98407"
"Analysis\chm_decompiled\estimates\JobCosting\WC1.jpg","17144","2026-02-05 11:54:29","E38BB3A1E53A23D43104FB45BD385701211EE711F204B7130E1925F1858127CE"
"Analysis\chm_decompiled\estimates\JobCosting\WC2.jpg","3983","2026-02-05 11:54:29","979D14D95B8BF708ECA88483F6AA045B9753E673B359230C6B159FE49CF13047"
"Analysis\chm_decompiled\estimates\JobCosting\WC3.jpg","27613","2026-02-05 11:54:29","076AD7BB876C9AA6A5D2E8781E5C6D9F5D1E1A2088A0054F41ACD9B48D2AA80C"
"Analysis\chm_decompiled\estimates\JobCosting\WorkInProgress.htm","2025","2026-02-05 11:54:29","8F8EFB298CE50654A7D1BE1BE319AA284FECA7E2DCC627EBEE246507B739667E"
"Analysis\chm_decompiled\estimates\JobCosting\WorkInProgress1.jpg","16676","2026-02-05 11:54:29","69C07B733ED62AA2F9C96D7709EAE9275A8B0D095E011C541ABDC84725359362"
"Analysis\chm_decompiled\estimates\JobCosting\WorkInProgress2.jpg","4016","2026-02-05 11:54:29","C7DD1F4A47EB5DA19C95AAEEC7A10D7ED026501AC1E5C6F3C2A56C35E359474C"
"Analysis\chm_decompiled\estimates\JobCosting\WorkOrder\Description.jpg","41761","2026-02-05 11:54:29","A14AD7A526C668804BC6A54883713A37E40FD026353CDD3DBF3F92A9D1D5311A"
"Analysis\chm_decompiled\estimates\JobCosting\WorkOrder\EJO.jpg","2666","2026-02-05 11:54:29","8C23D17AB01D77F8FDEB948FB769706D279E86BFB829C7914B7E762BD4310416"
"Analysis\chm_decompiled\estimates\JobCosting\WorkOrder\EMO.jpg","3116","2026-02-05 11:54:29","12EE45796724B2958CDAA38D556660B75AC62B6C91CFE4BA6EA7002A4EA9C5CD"
"Analysis\chm_decompiled\estimates\JobCosting\WorkOrder\EmptyJobscreen.htm","2971","2026-02-05 11:54:29","14929580F9BFF56E9839D3D89F0F0B8F6B7C30CCF6744BC350936692394EE231"
"Analysis\chm_decompiled\estimates\JobCosting\WorkOrder\EmptySO.jpg","2666","2026-02-05 11:54:29","B46D9790BF9DF617CFA70F49A97A5189C400F3A83BCF0F04C59B9EDC816620E0"
"Analysis\chm_decompiled\estimates\JobCosting\WorkOrder\GeneralInfo.htm","1615","2026-02-05 11:54:29","A05F286EECCDB612B4767BA1FDB2BDF1E94673202589F11E4E874E05CB50C098"
"Analysis\chm_decompiled\estimates\JobCosting\WorkOrder\GeneralInfo.jpg","3679","2026-02-05 11:54:29","069295629C749CE36BB03CD5BEDE572C14BC6C3902F740C1F179A48065D7556F"
"Analysis\chm_decompiled\estimates\JobCosting\WorkOrder\InfoForSO.htm","1184","2026-02-05 11:54:29","77E7D24AA80EA7409822502EFC9CC615B4E95A8B60937FD7A70A11E171D5A3EF"
"Analysis\chm_decompiled\estimates\JobCosting\WorkOrder\InfoForWO.htm","1408","2026-02-05 11:54:29","81E51904BDE72854CF06DD988591B9A375BC6C5ED0D820BE870B466AC1C22F60"
"Analysis\chm_decompiled\estimates\JobCosting\WorkOrder\InfoSO.jpg","5953","2026-02-05 11:54:29","B25A5CB0C9C84D693B9ED1F06E65749086620F28A0E9AB5B0300A0075EB081FB"
"Analysis\chm_decompiled\estimates\JobCosting\WorkOrder\InfoWO.jpg","4691","2026-02-05 11:54:29","D57E71DFDA6EBC6CF2433C2CA708CBBDEA3BB14EC6CA9F38F9C29D33CBAFB511"
"Analysis\chm_decompiled\estimates\JobCosting\WorkOrder\Installation.htm","2716","2026-02-05 11:54:29","F697D42FE71BF7C23B541B883CED67AF488F7E90483E471148B3C2AFD7EC4756"
"Analysis\chm_decompiled\estimates\JobCosting\WorkOrder\Installation.jpg","6017","2026-02-05 11:54:29","ABDCD92FA2EAC24B0A2004C3A3831F510901F5DF6C4357DED6313BFB2C895C1A"
"Analysis\chm_decompiled\estimates\JobCosting\WorkOrder\InstallPrint.jpg","6070","2026-02-05 11:54:29","920AD9465C86B6C6AE07C1392965F601A88B802440E2E3B43B4984507DB471B5"
"Analysis\chm_decompiled\estimates\JobCosting\WorkOrder\JO.htm","4979","2026-02-05 11:54:29","3A265181F1C8CA2497030710445E2CED7E29CEE1F79A818624490CD63C086142"
"Analysis\chm_decompiled\estimates\JobCosting\WorkOrder\JO.jpg","3989","2026-02-05 11:54:29","A8661BE39ADF09233E56C47D3A0CAC68BF49D98BABC40BD4E1F5A64578C68C49"
"Analysis\chm_decompiled\estimates\JobCosting\WorkOrder\JobCostingSimple.jpg","24362","2026-02-05 11:54:29","26A1587CECAD191A31447C5C25CB813900260F0ABF40CF021847C3D83DE3F6EF"
"Analysis\chm_decompiled\estimates\JobCosting\WorkOrder\JobMenu.jpg","1654","2026-02-05 11:54:29","8230D34E4B9CCBFDED10F9F4F9AA9BF25BD48A2F3882DFD06679EB9975AF4686"
"Analysis\chm_decompiled\estimates\JobCosting\WorkOrder\JobShopCopy.htm","1944","2026-02-05 11:54:29","594DC440D47A1C95A7B5736A6F776758F9E20BA4A258CBEE1E5046EE0589F904"
"Analysis\chm_decompiled\estimates\JobCosting\WorkOrder\JobsMenu.htm","1365","2026-02-05 11:54:29","8E3A7BB4B0E1A89189E6E0EE8C7AE15172DDC2BB483DC1D273E118759AB281B9"
"Analysis\chm_decompiled\estimates\JobCosting\WorkOrder\JOO1.jpg","24012","2026-02-05 11:54:29","892B41B0BBA46D65D4D26692D4DFACF20DD8CA02922F4DB9926B1A913E3AEFAB"
"Analysis\chm_decompiled\estimates\JobCosting\WorkOrder\JOS1.jpg","24042","2026-02-05 11:54:29","7AF911045006A0A67B192CCB5015C6231A888EC77786F86BA5B2D6C4EA893BC4"
"Analysis\chm_decompiled\estimates\JobCosting\WorkOrder\JOS2.jpg","9331","2026-02-05 11:54:29","98E680C0350214BE6A08665DB231390C7DAD9E3ACF32C46ABF8C21DDB57DADFA"
"Analysis\chm_decompiled\estimates\JobCosting\WorkOrder\JSC1.jpg","15501","2026-02-05 11:54:29","BDA68D933EA416799094EFAD8487F9051E8E58A4792C7613323E39D79B09E6DB"
"Analysis\chm_decompiled\estimates\JobCosting\WorkOrder\JSC2.jpg","7880","2026-02-05 11:54:29","4622D982F9B39D16CA7C64A4817802E2DD29FDB24D62E8C5EF7EC94A25A05AE7"
"Analysis\chm_decompiled\estimates\JobCosting\WorkOrder\MO.htm","5282","2026-02-05 11:54:29","714767C5A6C81932EC890B403FCFFE0D7DFBD4BF8309C0473246F89D6BC5D8A3"
"Analysis\chm_decompiled\estimates\JobCosting\WorkOrder\MO.jpg","4475","2026-02-05 11:54:29","2162CE7909C7A170C57DB8C09E5AF67C2EA92AACF3611636F311B54BB10FD157"
"Analysis\chm_decompiled\estimates\JobCosting\WorkOrder\MOInstall.jpg","13561","2026-02-05 11:54:29","F5447337B86D6028D2D33786664FC00C24EED681C3FDDE3F87D42B71B9AF1A48"
"Analysis\chm_decompiled\estimates\JobCosting\WorkOrder\MOLabor.jpg","8636","2026-02-05 11:54:29","E0D7AC4C13B1B9EE8EEF3DE90460DB83A70454D93E1993075297D62CE9A14053"
"Analysis\chm_decompiled\estimates\JobCosting\WorkOrder\MOO1.jpg","22873","2026-02-05 11:54:29","059FB61B4283B1A580B90248CEFE0256E70EF3F0D72663B7DDB9C5E344656586"
"Analysis\chm_decompiled\estimates\JobCosting\WorkOrder\MOQA.jpg","12069","2026-02-05 11:54:29","C4D4DE72A957D8BC4AFCCB23D07C7352D00F76F7F66366B53DA47BAB2A03C510"
"Analysis\chm_decompiled\estimates\JobCosting\WorkOrder\MOS1.jpg","20011","2026-02-05 11:54:29","84387F59B226F795B5CF26CDAC37F411A54E4546C20275FEF996161152097532"
"Analysis\chm_decompiled\estimates\JobCosting\WorkOrder\NewJob.htm","998","2026-02-05 11:54:29","E7FF8ACFA739F53A88D2E9B29036169632398FDD71C35C529F2F4B1F2DBF9649"
"Analysis\chm_decompiled\estimates\JobCosting\WorkOrder\OEJJ.gif","12706","2026-02-05 11:54:29","82EA4ED1109B7B3708AF90F5D8FB04D7DECC112E2437D92728C26F2BF1B0E35E"
"Analysis\chm_decompiled\estimates\JobCosting\WorkOrder\OEJM.gif","9467","2026-02-05 11:54:29","814EBDFA8DCDD7737B283DCD2178FE2EE0A1FF87CDD07F4B963D4C358F7BEA3A"
"Analysis\chm_decompiled\estimates\JobCosting\WorkOrder\OEJS.gif","7532","2026-02-05 11:54:29","4EBE8BAECF338100832A480537FF3EEDB489803FD2E9F206ADF515900942AA84"
"Analysis\chm_decompiled\estimates\JobCosting\WorkOrder\OrderEntryJournal.htm","1571","2026-02-05 11:54:29","5046B5EFF4C02710BF2ED993C9F13CDC015120519EF09B94C135D0AFFBF70117"
"Analysis\chm_decompiled\estimates\JobCosting\WorkOrder\PrintForJO.htm","1157","2026-02-05 11:54:29","547BC108A5FEF03590A08D6F3D9A8071F1EBC4742CA67D7A51DDFF0317E504FC"
"Analysis\chm_decompiled\estimates\JobCosting\WorkOrder\Printout.jpg","1751","2026-02-05 11:54:29","958A88E8FB57C2432131992CD06F6C20B6487DB3487D33407958B61FF1759724"
"Analysis\chm_decompiled\estimates\JobCosting\WorkOrder\ScheduleJournal.htm","1514","2026-02-05 11:54:29","3F9A934BB5CCCDF9D46467E21F1F365DF9956E28FDB2C4F6FA52B889C06DA018"
"Analysis\chm_decompiled\estimates\JobCosting\WorkOrder\SJJ.gif","14524","2026-02-05 11:54:29","9F2DD472AA68D1AEB55E95409F4D2CC8098102A32F6E3991C80D11C4371FEB88"
"Analysis\chm_decompiled\estimates\JobCosting\WorkOrder\SJM.gif","12820","2026-02-05 11:54:29","D1640BAC51575D5D2994304EE36ADC0CF7ABAF3227E943F2E9426EFE68997656"
"Analysis\chm_decompiled\estimates\JobCosting\WorkOrder\SJS.gif","15113","2026-02-05 11:54:29","E53D854B549611B7931529B54630D8F381182A2582399051AEA6446C635D1942"
"Analysis\chm_decompiled\estimates\JobCosting\WorkOrder\SO.htm","3792","2026-02-05 11:54:29","7D4AB11A2DEC6FD6DC2A27AD2BEF68E05BB7D130A1AE4C1206119A4650F49563"
"Analysis\chm_decompiled\estimates\JobCosting\WorkOrder\SOO1.jpg","16046","2026-02-05 11:54:29","87BEC132E5214B99CE98CF84DD877C84F2C32CC3166466033460C830610F846F"
"Analysis\chm_decompiled\estimates\JobCosting\WorkOrder\SOS1.jpg","16235","2026-02-05 11:54:29","F2DFD8EF9831DE2A153C693BDE1B6FFFC1982EDB032678124EBC10A1B359934F"
"Analysis\chm_decompiled\estimates\JobCosting\WorkOrder\SOS2.jpg","9459","2026-02-05 11:54:29","BFCEB2A566E6F40A97096800C786DDF838571980587F80CC4669AB6B1090057B"
"Analysis\chm_decompiled\estimates\JobCosting\WorkOrder\WorkDescription.htm","1057","2026-02-05 11:54:29","73C0BD306B8366C69389A7AD5D193E65AECC6E1159CA73B8BCFD5CCFCE2035A3"
"Analysis\chm_decompiled\estimates\JobCosting\WorkOrder\WOScreen.jpg","4040","2026-02-05 11:54:29","24CD8F73A1068D8851220583C39BAF98A214C2C6A1A4B08C7EAB3B907EA7D08A"
"Analysis\chm_decompiled\estimates\JobCosting\WorkOrder\WriteWOScreen.htm","3232","2026-02-05 11:54:29","A51A39867B43C25E49399908E1A45ACD0B4DC82BF8BF90CC59E64877AE54A0A2"
"Analysis\chm_decompiled\estimates\JobCosting\WorkOrder\WriteWOSimpleScreen.htm","1506","2026-02-05 11:54:29","2B43B97D7F456287C110118BF4BB69358648ED6AF40318E18E3417296A1AE0BB"
"Analysis\chm_decompiled\estimates\JobCosting\WorkOrder\WritingJO.htm","2257","2026-02-05 11:54:29","2DB827B32674871FA82A713FBD644B519170CD54C18687DF2A71F2B1FF65DF52"
"Analysis\chm_decompiled\estimates\JobCosting\WorkOrder\WritingMO.htm","2370","2026-02-05 11:54:29","615F554C17A1BF7C1996F02F62272BD8D053257E555E6BB42A9EB28CC0CCB78F"
"Analysis\chm_decompiled\estimates\JobCosting\WorkOrder\WritingSO.htm","2292","2026-02-05 11:54:29","986B0A37B17DDD7AE55D27FD70E901BFDE362F0056CBA17C86189537D7451EB5"
"Analysis\chm_decompiled\estimates\JobCosting\WorkOrder\WritingWO.htm","2076","2026-02-05 11:54:29","2660E40EEDC2182F905152E691758CB6E3EC54ED8CFBA9F1F2E0567610D105E6"
"Analysis\chm_decompiled\estimates\JournalManagement\OEJJ.gif","15167","2026-02-05 11:54:29","5547EBEB4BF990AD2F5F720A299B6FA04206A100A3D3B515A4C5AD9374CC8525"
"Analysis\chm_decompiled\estimates\JournalManagement\OEJM.gif","14973","2026-02-05 11:54:29","8F0C1BA1D4A9DD017633B43ADE87E7A024ABB2C26DE7A617E415297A96EB1E52"
"Analysis\chm_decompiled\estimates\JournalManagement\OEJS.gif","15115","2026-02-05 11:54:29","6F2BBD0B53D02DF15D793E5B2EC73BACA7CD458BF01EF24A7892D01EA7C1F38E"
"Analysis\chm_decompiled\estimates\JournalManagement\OrdersMenu.gif","4655","2026-02-05 11:54:29","8B52D4A95A0028FA50C507777707FE71AE8A981116433A28439073631740E364"
"Analysis\chm_decompiled\estimates\JournalManagement\Orders_printing.htm","2156","2026-02-05 11:54:29","0809C4EB076F19C0103FD45AF670B8534F4C111531E44CBC17B28ABC1EB5B473"
"Analysis\chm_decompiled\estimates\JournalManagement\Order_main.htm","4409","2026-02-05 11:54:29","88D0D649D913E131DFBCD2719A4107955AEFB0A0AFC9DCD790D8F699458448DC"
"Analysis\chm_decompiled\estimates\JournalManagement\ordr_jo_page.htm","3756","2026-02-05 11:54:29","0000B6AAB1B48F7A4E5419725C27397E733A6FB8C6B88EAD2D5EB55A59A98C24"
"Analysis\chm_decompiled\estimates\JournalManagement\ordr_mo_page.htm","3778","2026-02-05 11:54:29","B3AC5686E41377CA50548EDEEFF7B3931B0784FA6545E1D6B1C23FAA330DD1F8"
"Analysis\chm_decompiled\estimates\JournalManagement\ordr_so_page.htm","3757","2026-02-05 11:54:29","DD2BF0A3FBC2B4AB7B9624989968F147C757F2A7FF6E3700C88CE1FC0D592017"
"Analysis\chm_decompiled\estimates\JournalManagement\prod_jo_page.htm","3770","2026-02-05 11:54:29","56D40A514184B068C286ACE2339A864BCDB8AA22F1EF955D886829780579E4E8"
"Analysis\chm_decompiled\estimates\JournalManagement\Prod_main.htm","3318","2026-02-05 11:54:29","9CA524AA74E6FB491BCAA6687290C4D83A116DE6D8246CFF0FFA8676561F2C55"
"Analysis\chm_decompiled\estimates\JournalManagement\prod_mo_page.htm","3793","2026-02-05 11:54:29","59AA2A03F7DB3557547756B601BAE7F5D138E4E557FF61A2E5F6C28375C802C3"
"Analysis\chm_decompiled\estimates\JournalManagement\prod_printing.htm","2076","2026-02-05 11:54:29","8F90695751C9FDE2FBA3A0E93944C2135E67B01A8A86DEAABF50659AE9E1D91F"
"Analysis\chm_decompiled\estimates\JournalManagement\prod_so_page.htm","3771","2026-02-05 11:54:29","B15E8D6C933376E7E6986FAE46C0092DD51B556507E9E07A0F811503C6A92ED1"
"Analysis\chm_decompiled\estimates\JournalManagement\PSJJ.gif","18515","2026-02-05 11:54:29","53EAE614CC2EB3AC4752873C7FF88A3272478EFFC731DA533E7A23A120308970"
"Analysis\chm_decompiled\estimates\JournalManagement\PSJM.gif","16335","2026-02-05 11:54:29","3A328849DE6681863F343A3BB14126318DB292FAFC26CFFFCDEABEAA183222B9"
"Analysis\chm_decompiled\estimates\JournalManagement\PSJS.gif","16166","2026-02-05 11:54:29","0D013DF44944FA583824D9E9072FFC48217DD4A77F9F9577F27B1DA55BDA91AD"
"Analysis\chm_decompiled\estimates\JournalManagement\selectOrder.gif","5137","2026-02-05 11:54:29","0210978AE3C8E35BBCD9B46FB9CCBD8F2CAF1F1710799E402B7D147EE13CA1E9"
"Analysis\chm_decompiled\estimates\JournalManagement\selectProd.gif","5517","2026-02-05 11:54:29","379DDFEDFFA67C2DEBA76185C26D41297059587F914FD23EB5A650FF63F1F2C4"
"Analysis\chm_decompiled\estimates\ProposalCfg\LogoPictureCfg.htm","1875","2026-02-05 11:54:29","1DD7D23D4D0037CC5EC922FFA053A632A343E43AE5B72136EFC40689879BCB06"
"Analysis\chm_decompiled\estimates\ProposalCfg\MacrosCfg.htm","3184","2026-02-05 11:54:29","B2F895EB87EECFAB4774D880F507307BA29EC064B6FDFD05F0522026CC899525"
"Analysis\chm_decompiled\estimates\ProposalCfg\Images\mao.gif","141303","2026-02-05 11:54:29","0CBDC23E988719407D986A39C128481EB3A53B58C730AC6E6EDD243C0DE5E0E9"
"Analysis\chm_decompiled\estimates\ProposalCfg\Images\raror.gif","125598","2026-02-05 11:54:29","0B4803F0FEC08794992513B301ACE647CFD1AF700B54044BBBF8D745F05D1D02"
"Analysis\chm_decompiled\estimates\ProposalCfg\Images\rasrr.gif","121175","2026-02-05 11:54:29","4E9E2DAFC50A8BA72682653FBCDA11406A91DDB031C964ECD24BC69B9717A9DD"
"Analysis\chm_decompiled\estimates\ProposalCfg\Images\sasao.gif","125823","2026-02-05 11:54:29","0ADAA95E4EF157ED33E9CD0C8479C9B794979B942F5570CA7AA5C421D7DE11CE"
"Analysis\chm_decompiled\estimates\ProposalCfg\Images\sawom.gif","130981","2026-02-05 11:54:29","D4CDE7EFA84F1A3EA635AC76E1BEE988C547EB178E35BF0549F60F886CBB8B34"
"Analysis\chm_decompiled\estimates\ProposalCfg\Images\sfp.gif","118375","2026-02-05 11:54:29","B96995C7A408EBBAC345F9B12AE10085D63443054AC9013DF552B0D8A5C19EE5"
"Analysis\chm_decompiled\estimates\SampleEstimates\motel1.gif","22722","2026-02-05 11:54:29","7211EBFB8CD35EEDFDED6181EF1409CFCF72C466C789D88BAE621ED213A762A3"
"Analysis\chm_decompiled\estimates\SampleEstimates\motel1.htm","502","2026-02-05 11:54:29","E3BC5E65B39459E7F2B0568DC4D703CD37A5EA4704E565BC8D4D9078A19688C7"
"Analysis\chm_decompiled\estimates\SampleEstimates\rest1.htm","505","2026-02-05 11:54:29","1B40526FEA9E2E5BF083F6DF14BB8F8DCCB095BB2DF342C493E39FFE8FBCEA6A"
"Analysis\chm_decompiled\estimates\SampleEstimates\restaurant1.gif","13307","2026-02-05 11:54:29","FC2ECB221B6D5A516B3FEF48B1D308EAA0BA14DA8C72163C6B6EA49F456F84A5"
"Analysis\chm_decompiled\estimates\SampleEstimates\SAMPEST.htm","6057","2026-02-05 11:54:29","3B29AA77913B393EE216DC33EF3406A40CEDCEC4FE62109A5948B25EC052BA6B"
"Analysis\chm_decompiled\estimates\SampleEstimates\union1.gif","21571","2026-02-05 11:54:29","7735962557D45CD0B8B2EE726D8A4C9956ACB9B583DE69B914392D32214DCEC0"
"Analysis\chm_decompiled\estimates\SampleEstimates\union1.htm","238","2026-02-05 11:54:29","E14194ADBDD53D9D3A6EEEA11E8E2CD2355747EDD099178BCBF0237A1C81EE98"
"Analysis\chm_decompiled\estimates\SampleEstimates\union2.gif","23312","2026-02-05 11:54:29","A0BC501F62DB01547500277A0777E4BE585D3379D21997D5E489CA10707F318B"
"Analysis\chm_decompiled\estimates\SampleEstimates\union2.htm","238","2026-02-05 11:54:29","EAD1CC5EB1B39ED7021587915FC6B1BA56FFF4157C1B947CB687D12E0F611B46"
"Analysis\chm_decompiled\estimates\SampleEstimates\union3.gif","24899","2026-02-05 11:54:29","6A7EF18C241E4E84BF7D837B4E42CB431FF8F465DB723E55D75A4802D5740A88"
"Analysis\chm_decompiled\estimates\SampleEstimates\union3.htm","236","2026-02-05 11:54:29","6FCA2BD9BC85F926EEAB00F13C1CFEFCAC20B8229E429639E116CF3646E7B06E"
"Analysis\chm_decompiled\estimates\SampleEstimates\union3a.gif","25574","2026-02-05 11:54:29","11ED81DC6F70AC39620144EA03B901FE24043664E16EFF9057683188A08B433C"
"Analysis\chm_decompiled\estimates\SampleEstimates\union3a.htm","239","2026-02-05 11:54:29","E36B41B1114A636026AB51A2DCAA5C48E04113F8F877BB50816F736650738D51"
"Analysis\chm_decompiled\estimates\SampleEstimates\union4.gif","32435","2026-02-05 11:54:29","A210EA9E10E00B6B94656A2B51FC115022572B083AD22F2400568657FF501753"
"Analysis\chm_decompiled\estimates\SampleEstimates\union4.htm","236","2026-02-05 11:54:29","46550986E99AD1FA72FA86DB3D352AF24733675CF99BA85094B5011A2D3A6D90"
"Analysis\chm_decompiled\estimates\SampleEstimates\union4a.gif","29201","2026-02-05 11:54:29","BB475A256109BD19EFD77B87247A9DD7F8D7BAFF7FB02372E9994159A5F06677"
"Analysis\chm_decompiled\estimates\SampleEstimates\union4a.htm","239","2026-02-05 11:54:29","B92C587543B5E35117737D78BF1B3CB19D028ACDB25FE27D27B9DC9F16985E58"
"Analysis\chm_decompiled\estimates\SampleEstimates\union5.gif","29290","2026-02-05 11:54:29","329FFD969004E4F24FDA0AA542627DE0C7F584F90F1D173BB0EBA862BE5B32B7"
"Analysis\chm_decompiled\estimates\SampleEstimates\union5.htm","236","2026-02-05 11:54:29","B59771D9AEEC4AC978E24A09883B036A063EF37DEF04B14F6D6CD5F3AAD7B6D7"
"Analysis\chm_decompiled\estimates\SampleEstimates\union6.gif","21850","2026-02-05 11:54:29","D8E44439F4D1B67CD7CC2D2B3AEE236A49E73B0AD9D42EBA1BCEC8412E312BA6"
"Analysis\chm_decompiled\estimates\SampleEstimates\union6.htm","236","2026-02-05 11:54:29","BD506045193E30C63EDC947B008375F7C550C356825367C71699EC2D88957968"
"Analysis\chm_decompiled\estimates\SampleEstimates\union6a.gif","18546","2026-02-05 11:54:29","831F16B4A2B3C70029565E37A00DE7DA15216482F696E3B157C918D23BF75818"
"Analysis\chm_decompiled\estimates\SampleEstimates\union6a.htm","239","2026-02-05 11:54:29","A448D672E51C9C45907D7CCD42D5EF590DE53156A3CD43B6968CBD2C87F65157"
"Analysis\chm_decompiled\estimates\SampleEstimates\union7.gif","18554","2026-02-05 11:54:29","FE467B8C21F9AEF24F8A028CEE0A09B9CA2949A1BAD5F843810D0EE65AF05470"
"Analysis\chm_decompiled\estimates\SampleEstimates\union7.htm","237","2026-02-05 11:54:29","677519F4967B790E522869FA551B33F65AEFB02F231402FA1F506B2E22243BED"
"Analysis\chm_decompiled\estimates\SampleEstimates\union7a.gif","20966","2026-02-05 11:54:29","1B62021FAAEB2876E833CDBE89597E4E1BAE7E6DBBEEA8360459884A4CBEB08A"
"Analysis\chm_decompiled\estimates\SampleEstimates\union7a.htm","605","2026-02-05 11:54:29","0BDD93688DB62F9F0F0E5DC88A1D91690D80CDE8946D19D1924C93855A43D5D3"
"Analysis\chm_decompiled\estimates\Statistics\DatePeriod.jpg","11963","2026-02-05 11:54:29","1272B7346B14094F9F4FB291473566F2940EE9BCF622C5E185052C336C45B456"
"Analysis\chm_decompiled\estimates\Statistics\EstimatesReport.jpg","53376","2026-02-05 11:54:29","E13CF5AEAF77CB4DF39133A19281F7793944B87CB7F08F75E36C0F129AF94631"
"Analysis\chm_decompiled\estimates\Statistics\JobC.jpg","126649","2026-02-05 11:54:29","FE3091AEC39B2D8E8E2ECB818B897F45CC76F5CFC7B7639A4A021E434279FD3E"
"Analysis\chm_decompiled\estimates\Statistics\JobP.jpg","133396","2026-02-05 11:54:29","3F39D43C7B5D8C373D2D144C1CE37A7FE86B0846E2E518C224FBD997FFA55388"
"Analysis\chm_decompiled\estimates\Statistics\OpenEstimate.htm","748","2026-02-05 11:54:29","1F2BA0E3A3298DE7DC98D876C9374268824B79CEC7CE2D92441D6813CFE89A0D"
"Analysis\chm_decompiled\estimates\Statistics\OpenJob.htm","1106","2026-02-05 11:54:29","A1BDBFFD179DF5301BCC24EF4BCB146B93DAE20529A876BAE39F5A84D6E0004D"
"Analysis\chm_decompiled\estimates\Statistics\PrintEstimate.jpg","12004","2026-02-05 11:54:29","93AC2C1E74FB924FF087D271C82D9D3BF65636F738F2A3A1045AEEB40906E320"
"Analysis\chm_decompiled\estimates\Statistics\PrintEstimates.htm","1571","2026-02-05 11:54:29","77BA918B8E86D8E48623CA5BCBFE2802A341A9D73AEA39E7C3499FA2473ED285"
"Analysis\chm_decompiled\estimates\Statistics\PrintJob.jpg","25431","2026-02-05 11:54:29","DE71A86A836F6C24EF072C22ED3685EE358043E31B89E33D7666CFDEB608CADF"
"Analysis\chm_decompiled\estimates\Statistics\PrintJobs.htm","4964","2026-02-05 11:54:29","D391279902425AE74BC6EA335E5E29D52DE684D2BCFAF1F595669240365CE04C"
"Analysis\chm_decompiled\estimates\Statistics\PrintSalesperson.htm","2255","2026-02-05 11:54:29","EB0A6BAADC482BE9471CC9C0B9F6AF53793A5FEE60C78119219BA0232F7C7969"
"Analysis\chm_decompiled\estimates\Statistics\PrintStatAnalysis.htm","2163","2026-02-05 11:54:29","745CE1FCCF3B67F1C577E4538ADF232A51F2CF8AAB45579282A06913D0C8E695"
"Analysis\chm_decompiled\estimates\Statistics\PurgePersonDate.jpg","15694","2026-02-05 11:54:29","4AE78EC05452DDCC48B87CF05B923FC6E9AA030E3FEFDAB663F4DA4AA46999F4"
"Analysis\chm_decompiled\estimates\Statistics\PurgePersonName.jpg","14755","2026-02-05 11:54:29","A0B8285EE0A8A5F53F3FDB43AF273A23C140E0DF23E961A31FD0BC292FB66198"
"Analysis\chm_decompiled\estimates\Statistics\PurgeSalespersonByDate.htm","1388","2026-02-05 11:54:29","447DD2008DE20F22B3D3B18B078A9985770F1BF05A1DBE00E22DBC50AC9A4E35"
"Analysis\chm_decompiled\estimates\Statistics\PurgeSalespersonByName.htm","1320","2026-02-05 11:54:29","4E6EBE23EFF89427BC0DD1CA59F2CA3DBAB7C633449BE97C612A56122DCFC90A"
"Analysis\chm_decompiled\estimates\Statistics\PurgeStatAnalysis.htm","1443","2026-02-05 11:54:29","24A0D3C5DE0BADA63B0FB79DFEA9D1B7915BD4B1736AF9DD25431D3AEECB9F3D"
"Analysis\chm_decompiled\estimates\Statistics\PurgeStatAnalysis.jpg","15369","2026-02-05 11:54:29","722B0CD92062F6ECC54BC522E3346CB609C746E15CC31D5C78D67A1CCCBE9F25"
"Analysis\chm_decompiled\estimates\Statistics\Salesperson.htm","765","2026-02-05 11:54:29","AAA84E8A17C87EFAF33EB7FCB79DD319B6FC3F439EA100BB20F6CFDC009EE28A"
"Analysis\chm_decompiled\estimates\Statistics\Salesperson.jpg","19709","2026-02-05 11:54:29","E3E4F19BE609E4827851CCD2FDF3BD6453DF828E3F5D93C41DBD0016A7B2C596"
"Analysis\chm_decompiled\estimates\Statistics\StatAnalysis.htm","1328","2026-02-05 11:54:29","54EF941402679DC66A0A5D3FFA48487ABD240ADE0A07269879375D2CF3AD5352"
"Analysis\chm_decompiled\estimates\Statistics\StatAnalysis.jpg","87859","2026-02-05 11:54:29","27EAA698B1524BB9FB6CE15A79A9D8FD167DF3106FDDD05F1B2F01B37D8A7EC6"
"Analysis\chm_decompiled\estimates\Statistics\StatisticsMenu.htm","1373","2026-02-05 11:54:29","6CD135CCDED99D1376C0ED33FD5E06E57578AEE5296DA8702E5D5D4592AC2C5C"
"Analysis\chm_decompiled\estimates\Statistics\StatisticsMenu.jpg","17504","2026-02-05 11:54:29","0BC2B067D6D562CFA3608DCC5536D5914A443C83CED8A0A915D18643A67C84BD"
"Analysis\chm_decompiled\estimates\SystemConfiguration\CompanyInfo.htm","1371","2026-02-05 11:54:29","1475A0B024F92308A30ED32CA3CBDCA350135C0C31D155C754E676F039EA53B2"
"Analysis\chm_decompiled\estimates\SystemConfiguration\CompanyInfo.jpg","2296","2026-02-05 11:54:29","69AC5AF3B4D27205F101FFB9C11092462426DE6C9BABD21EB7C8A985A02B305A"
"Analysis\chm_decompiled\estimates\SystemConfiguration\SystemMenu.htm","1037","2026-02-05 11:54:29","CA9F80C1FECEB9D421F8D6DAAE9E9305C80164772C886A47C9FBB54898B095A9"
"Analysis\chm_decompiled\estimates\SystemConfiguration\SystemMenu.jpg","1436","2026-02-05 11:54:29","3484FD3E222F72BB1E6ECCE7B1EDD416A1DB6209D191A6FBE1121F381DEBA4C9"
"Analysis\chm_decompiled\estimates\SystemConfiguration\WOConfiguration.htm","1635","2026-02-05 11:54:29","9894F2A885592DF2B973BE7EA200E900ECB7E587C3EFE0F5D0EB158AA2269C24"
"Analysis\chm_decompiled\estimates\SystemConfiguration\WOConfiguration.jpg","32801","2026-02-05 11:54:29","C15638B9B8E75B3129955D4238443EB10FADECC872CB1B8E402717C14D1E25E4"
"Analysis\chm_decompiled\UserManager\Image1.gif","899","2026-02-05 11:54:31","AA6702E1066FB3D02801C160D3F6C3C7BC1A4C949FC2245CAF63926880FF09BE"
"Analysis\chm_decompiled\UserManager\Image2.gif","1021","2026-02-05 11:54:31","C515301F6872180EEDEF21A73D4ACA516E9B564F9D7FFB0801B20B2F8B2324B1"
"Analysis\chm_decompiled\UserManager\Image3.gif","974","2026-02-05 11:54:31","A65AAA51BAC2C8949E9AA623BF3E4005E61BDE22A74D321D7DDF5E0B2E7B0C66"
"Analysis\chm_decompiled\UserManager\Image4.gif","6448","2026-02-05 11:54:31","8870142FF3B47AE973D8AD8B4D6B5137BFFA2BA6640EA8DE349FCB714FD6E97B"
"Analysis\chm_decompiled\UserManager\UserManager.hhc","605","2026-02-05 11:54:31","B009398D503338B564E2A5D4BBDBCA54BC5C913A3AF987C8783F03C7F333D549"
"Analysis\chm_decompiled\UserManager\UserManager.hhk","606","2026-02-05 11:54:31","BCE80E4F4DAADDAF6EB4EE67CA212CB8BD6775DEF111B40A0B05CAB7BD10C595"
"Analysis\chm_decompiled\UserManager\UserManager1.htm","2145","2026-02-05 11:54:31","85D27A23FB2D29927A2D3284D68CCA4241F9665D7A803DB1FB0755BEAA244F24"
"Analysis\chm_decompiled\UserManager\UserManager2.htm","873","2026-02-05 11:54:31","AF88AB320669413CBF770F36A245A466BA978E4209DD7B06B6925237B50ED980"
"Analysis\vbscripts\DeInit.vbs","731","2026-02-05 11:53:18","ED907FC2ADFFE868ECEF0771E1CB8B902148BD0FC7E1ACB191F028C213555E20"
"Analysis\vbscripts\IncCurRow.vbs","353","2026-02-05 11:53:18","BC29C089586638AC7ACB5546B37A9024D7C6475566BB63D584CA7F4010355037"
"Analysis\vbscripts\Init.vbs","476","2026-02-05 11:53:18","4ED9DF89FC55049DCB68C5542E3D5B60A863F3F33E454274763F8251524F0BB2"
"Analysis\vbscripts\InitData.vbs","793","2026-02-05 11:53:18","445C4AC0A8DDA12B460F26648523C61850017E50A3E7E075CBA9C8FF7F8B3AE6"
"Analysis\vbscripts\InsertRow.vbs","319","2026-02-05 11:53:18","CCEB87A6089DC4B332078C59A9BA3ECA6B2B286E50D39066CB5963CC43D33FB8"
"Analysis\vbscripts\SetGlobal.vbs","1584","2026-02-05 11:53:18","CBF5766F3ACF61970A46F57D7A008C590E6BDD1C2E8D2B8E6B5FA5F50AF2D4DF"
"Analysis\vbscripts\SetMacroValue.vbs","780","2026-02-05 11:53:18","41973B7103CEC1017E1C08480911E7F244A1263170F45972B87DA9350BD62CD9"
"Analysis\vbscripts\SetSpecValue.vbs","602","2026-02-05 11:53:18","0B9117D3BF49D4EBCB151454A9864C48CBA294A145D8AC1B9A289CA01CDC4DA5"
"Analysis\vbscripts\SetSpecValue_1.vbs","1245","2026-02-05 11:53:18","17D2AA66C7170B2B16184CB2938AD6818B068A839774E3CEE75D7345B8F41263"
"Analysis\vbscripts\WriteLabor.vbs","1212","2026-02-05 11:53:18","9F51AD562AFED2D69AC3A6E94F4120ADCEDFBC4DB6D942A387ABBA2351BD170F"
"Analysis\vbscripts\WriteMaintenanceAgreementOnly.vbs","1879","2026-02-05 11:53:18","8E6E18AD6A3CFF118F2332030560C75ADC4225120042D8320A478F47398BE444"
"Analysis\vbscripts\WriteMaterial.vbs","1478","2026-02-05 11:53:18","2900A8EED2918ED63120201CD5EFBC573E68AD2EFD49C9F9AD1DE9D8B760CE5B"
"Analysis\vbscripts\WriteSalesAgreementOnly.vbs","1386","2026-02-05 11:53:18","33E697AF0D350EE5D1B21D6254D4C0649D3E4B7F472B10B377697313D6CD1345"
"Analysis\vbscripts\WriteSalesAgreementTerms.vbs","457","2026-02-05 11:53:18","23AAC1D2894F48C3DC8E0194002A6856CD14631CC67CA16A223E0C1FB85DB966"
"Analysis\vbscripts\WriteSalesAgreementWithOptionalMaintenance.vbs","1899","2026-02-05 11:53:18","5ED34B2430A283E3B934D85198D8DC6E65661FCC195150628FAECF1D398EF4AA"
"Analysis\vbscripts\_ALL_EXTRACTED_TEXT.txt","361368","2026-02-05 11:48:30","C86804B0F21AE20BB245634C8C3431F389C40FB6D3194F488E1EB801D74EBD37"
"Analysis\vbscripts\_DECODED_FULL.txt","235033","2026-02-05 11:51:06","01FCFAAA6923BBAD444B808728BBB14A718C0B64C26D1BC820CC4B6ABE9BBD24"
"Analysis\vbscripts\_DECODED_VBSCRIPT_FULL.txt","263985","2026-02-05 11:53:18","74D5BE5C119C3BA452841FAE54B97ED9F70A59C742BD6200125EAB273B450469"
"Analysis\vbscripts\_GLOBAL_DECLARATIONS.vbs","3796","2026-02-05 11:53:18","5575FD70539BCED51F4300FA5FB9CD14B8DE289DAAABDB4CC35FBBEA031387D4"
"Analysis\vbscripts\_MANIFEST.json","1739","2026-02-05 11:48:30","48B9A4FC3F76E719ABF5ABA04F598F14C53D2BB05F1BEF30950F8DCDE7D85FAB"
"Analysis\vbscripts\_MODULE_INDEX.txt","845","2026-02-05 11:49:14","55B8DC26CD3C20A4650F3539EF31201F148ECE796511049AD06755F38F3EF1B1"
"Database_Export\Addresses.csv","3","2026-02-05 11:45:07","F1945CD6C19E56B3C1C78943EF5EC18116907A4CA1EFC40A57D48AB1DB7ADFC5"
"Database_Export\Addresses_schema.txt","719","2026-02-05 11:45:07","1D3B7DA4017604ACCEB9B7D6CE150422AC2F9BD9A3E776DE8D08B75A0391D7A8"
"Database_Export\CustomerCards.csv","3","2026-02-05 11:45:07","F1945CD6C19E56B3C1C78943EF5EC18116907A4CA1EFC40A57D48AB1DB7ADFC5"
"Database_Export\CustomerCards_schema.txt","1051","2026-02-05 11:45:07","398563BF2F03718AB407157A1E5D63701449F08DA9DF46AFB1EDB2BE2D1566AD"
"Database_Export\Customers.csv","3","2026-02-05 11:45:07","F1945CD6C19E56B3C1C78943EF5EC18116907A4CA1EFC40A57D48AB1DB7ADFC5"
"Database_Export\Customers_schema.txt","713","2026-02-05 11:45:07","B9D33F1CFA32E4CE85FACDB98BD196598818ED5C16CACE7314A6FB7F1963B600"
"Database_Export\Materials.csv","3","2026-02-05 11:45:07","F1945CD6C19E56B3C1C78943EF5EC18116907A4CA1EFC40A57D48AB1DB7ADFC5"
"Database_Export\Materials_schema.txt","695","2026-02-05 11:45:07","E33B2B89A3FAA9AB13792D6DDE595FF5F80C466467A0A7919565E843D227E79C"
"Database_Export\Paperclip.csv","3","2026-02-05 11:45:07","F1945CD6C19E56B3C1C78943EF5EC18116907A4CA1EFC40A57D48AB1DB7ADFC5"
"Database_Export\Paperclip_schema.txt","353","2026-02-05 11:45:07","67E2E6F860938C64A28E5E2C43352861D9EC995E26EB5AA782E0CB737D767152"
"Database_Export\_FULL_SCHEMA.csv","2383","2026-02-05 11:45:07","F0ECB6097DDBC44FD3032933EBAEF7AD73F7CEA43C4F5AA1F3C032F6A387F17F"
"Database_Export\_TABLE_LIST.txt","62","2026-02-05 11:45:07","AC1DDB825100817FA98A52BA76B00131B06B6A94EE5DF2E833DDB3D1CB1A957D"
"Data_Directories\EngAnalysis\2025-07-21\ReverseEngineering_Report.md","2136","2025-07-21 21:52:01","8588F2BE5DC1C1E491D84740719A4EC602242CD62A2A80DA931426A0683A1BAC"
"Data_Directories\EngAnalysis\2025-07-21\UI_Structure.txt","612","2025-07-21 21:51:50","8BCF9C67C4E71A6BC1B756E0CC1234408F584C612D021CC4D8C0C9AA2D581FA3"
"Data_Directories\EngAnalysis\AbcEng_2025-07-21\AbcEng.exe","90112","2007-02-28 10:55:56","0A053263CEE65F0144CB6134EEF583BA7FCB0635581616E0B3CA7BEB2CF6A051"
"Data_Directories\EngAnalysis\AbcEng_2025-07-21\abcsignc.ldb","64","2025-04-15 05:22:46","9F1163B9797909C52E95DB372C338F4F36B7B68A7CFA2C5AD77CB892B182F988"
"Data_Directories\EngAnalysis\AbcEng_2025-07-21\Calculation_Methods.md","2496","2025-07-21 21:53:56","19FA667DC26DD714A52C1441868F1ECAA42655B056B9B30A062CECEB094C0AFD"
"Data_Directories\EngAnalysis\AbcEng_2025-07-21\cust_nm.abc","8","2024-12-06 11:15:19","D0E4D60C246722B0C0502CDBBF32BD4D246F92BEB0A9228F0349B0D5F52AC7FF"
"Data_Directories\EngAnalysis\AbcEng_2025-07-21\dept_nm.abc","657","2025-04-15 05:23:14","C86DA241F1D90162AF5ED2446941D393F3B97EC137EAE7097C4749B1304A852D"
"Data_Directories\EngAnalysis\AbcEng_2025-07-21\user_nm.abc","116","2024-05-14 19:48:33","7DC31853493C10900A0269237A95A8C4E28E41093D56C51EE19605C4FAE474A1"
"Data_Directories\EngAnalysis\AbcEng_2025-07-21\VirtualStore\ABC Sign\ABC Estimate\Templates\BoltBase.xls","22051","2024-05-02 14:30:20","8DA0242A60AD16E4106257AE55D9B95616550CCA04673C45413CE4874F3552D9"
"Data_Directories\EngAnalysis\AbcEng_2025-07-21\VirtualStore\ABC Sign\ABC Estimate\Templates\CSRFound.xls","138802","2024-05-02 21:54:51","24477EF0288C77852C196BBE95798853A2502C3FF8DEA1A85F810B9DD182E08D"
"Data_Directories\EngAnalysis\AbcEng_2025-07-21\VirtualStore\ABC Sign\ABC Estimate\Templates\Gusset.xls","20003","2024-05-02 14:30:20","11ACF719887F5F3B477F6519DF39471C60D5D03C774959EFB52D246CA8780BF0"
"Data_Directories\EngAnalysis\AbcEng_2025-07-21\VirtualStore\ABC Sign\ABC Estimate\Templates\SprFound.xls","53785","2024-05-01 18:02:50","418B1FD938A912435BC90EEF8111F6797D44D474C24AE64EC57AD49AADCE3661"
"Data_Directories\Estimates\Motel1.est","13028","2002-10-31 09:00:56","68F24BF24A4A618C98900160387ACC0B0A1464A927AF25629D13D07BCADB30BA"
"Data_Directories\Estimates\REST1.est","11072","2002-10-31 09:01:00","220DB850BD99C47D0C6B6907C580867A4B3FE612A10B13B5F46EEA56AA854E86"
"Data_Directories\Estimates\Union1.est","15959","2002-10-31 09:01:04","1F15C16E91939026C87979D54BB6F31E60D6504E50D0AEA3F9C56409D6C4E5BF"
"Data_Directories\Estimates\UNION2.est","14415","2002-10-31 09:01:08","C5DDD2207412EE27DB4C4002F99227F2413456388F937B1ED99632F3E2016F6D"
"Data_Directories\Estimates\UNION3.est","15090","2007-03-27 17:23:52","95BE04F228EEB495C3D3B52FA550B51319FD9493D99CF56183B71327751CD158"
"Data_Directories\Estimates\UNION3A.est","15759","2002-10-31 09:01:14","A1E9A0DADB068ADD6C763C0F5F93302405E9BEABD932C8DDDCE5198ADC34CE1A"
"Data_Directories\Estimates\UNION4.est","14178","2002-10-31 09:01:20","CAD2D79A446C1BD06B29816148C5CDE2EFE9F7AFD304FA8148C586F96FDD67DF"
"Data_Directories\Estimates\UNION4A.est","15364","2002-10-31 09:01:22","2669900B3C946F4087350F7C6BEE78F035D3D57EE06A1EFFC6E14B8B871B2BFA"
"Data_Directories\Estimates\UNION5.est","17529","2002-10-31 09:01:26","FD5E24E54EE0CAA5ED522B67260D4C34A9714CBCEA3293A3D18E60DCEB608230"
"Data_Directories\Estimates\UNION6.est","12113","2002-10-31 09:01:30","2BE81690C283B981CB0AD11DCAEC6B393F6ABE5934A3B9EA7EF7EBC0E074577E"
"Data_Directories\Estimates\UNION6A.est","13748","2002-10-31 09:01:34","094AB533E42042879B8A9451BD4F6CBE4CDB76DF6098A14000E367642C005381"
"Data_Directories\Estimates\UNION7.est","12074","2002-10-31 09:01:36","297E4F84ABAD41AF6AD6B99F04EEA930A9F1EBE8BCE16628C561C06C805A6A9D"
"Data_Directories\Estimates\UNION7A.est","12596","2002-10-31 09:01:42","18169C2549966407BE7E0788CF1E8635A82D20FDF48876FE5B9B48E2BB4267D2"
"Data_Directories\help\engHelp.chm","543329","2006-05-26 11:14:48","A70ED3E1FFBC0C6B290676D85DC8004D8DB23ECDFFB922C26CB8810625C4C452"
"Data_Directories\help\engHelp.chw","11012","2025-02-21 16:41:53","A594FEAD9EC1FBEB6B8231BD3214064024F5220758B9E37CCF481F09F0072226"
"Data_Directories\help\estimates.chm","2924027","2002-04-09 17:28:46","DC3B71588F7D1B064D4C81C26ABEF02E7E7313A55EBCEEAA36F2700ED6084E4B"
"Data_Directories\help\UserManager.chm","19713","2002-04-09 17:28:46","1D761DEC73884A67EFD93320DA0C19E833F3A9DE296CFAEA754A7B590F526CDF"
"Data_Directories\reports\NMCustomerCardsView.rpt","91043","2006-03-21 10:09:00","69E67EA0CBB887AE59AC69060BF3285DB76BAE009813E8BB6B7D0985854055D6"
"Data_Directories\reports\NMCustomerCardsView_JO.rpt","122214","2006-03-21 09:54:06","654F8C29E87633160FD24E1EBCF2FEBC262F255A7789786A78612B492DF4CB00"
"Data_Directories\reports\NMCustomerCardsView_MO.rpt","119791","2006-03-21 09:59:54","B16B3022E24A233E1562902F041DB472E50BF72DCC8FD5180078FF0CC3347370"
"Data_Directories\StartMenu\ABC Sign Estimate.lnk","1355","2024-05-14 19:46:21","083390BA3983B8C156441EE7DF9D7A44849BA0D88B367283699496F4320CEEFC"
"Data_Directories\StartMenu\Engineering Calculations.lnk","1339","2024-05-14 19:46:22","DBE5BC82171F999DF3F9F628F55E56C94D8578B44657444F38B11201F0199264"
"Data_Directories\StartMenu\Estimate Files Converter.lnk","1346","2024-05-14 19:46:22","6A78A8E307DB8EE5B71AD97F31A2F2F18A7706ED15F3C284F3401B66B21BEC5C"
"Data_Directories\StartMenu\User Manager.lnk","1364","2024-05-14 19:46:22","5E977552F88E76E01E4F0F9B36628781C9D7D742DFF1B6ACA2C48027C9FF80C5"
"Data_Directories\Templates\BoltBase.xls","22021","2025-07-03 13:40:54","9F06CD0A43D51B6FA5EF182792E1EB2E4677A3500CAF51326243C48017E8D966"
"Data_Directories\Templates\CSRFound.xls","138752","2025-09-05 14:31:47","3D9D21F29FB853F01447906F89E24CBE32706762ACB0756A5B4FBD0F1B84410F"
"Data_Directories\Templates\EstReport.xlt","51712","2002-04-09 17:28:46","5079ACB25D9A17A10CCBC67C4CF421FC073DEA80B53F5BA2ECC1DFAC0E77439C"
"Data_Directories\Templates\Gusset.xls","19973","2025-07-03 13:40:54","DEBC693D70FA3246E86A6FD47A9D96E368F40CF7F2784E2639B7BDAE3289896D"
"Data_Directories\Templates\JobShopCopy.xlt","26624","2002-04-09 17:28:46","D3B06613A7D2BE0D821DDF729EA057DB6BA22284A0006BEE93A5B1BEFC3510A6"
"Data_Directories\Templates\Job_Order.xlt","36352","2006-05-25 14:27:58","BCABD3A6CD8E15BFD0DA5EC167A3BAD0E27AC9D790BB11AC12342E0B62E360D4"
"Data_Directories\Templates\logo.bmp","97822","2002-04-09 17:28:46","DE9400335A251B9B79208953C8F8B91C2FE501A4980533CA659C5293929AAF52"
"Data_Directories\Templates\Manuf_Order.xlt","54784","2006-03-20 15:04:42","D87439AE1A5C43DE117ACBBA6C33D3FEDBB59F2EF28B6B1C30B9CFEC4AAEBC00"
"Data_Directories\Templates\Orders.xlt","46592","2002-04-09 17:28:46","9485DBFA541705444EB5DABA9AD77A6421317EC9FA986C7FAC8404A2FDDC902D"
"Data_Directories\Templates\ProdSchedule.xlt","47616","2007-03-19 16:33:40","40D46A4B687CCF1FCFA0029E8DADCBE1B2B44B0EE20CD40EA784AAF588D0DC0B"
"Data_Directories\Templates\ProposalReport.xlt","141824","2002-04-09 17:28:46","3BEB817BB1F27BA66DEF88E8A9A94B8AEF10D0D78567A11F4743629B19D9BA90"
"Data_Directories\Templates\salary.xlt","14848","2002-04-09 17:28:46","3FB4B32AEFED6775EB605E1D813B8ED32640D28A2BA62EEB2268006EBE1045AF"
"Data_Directories\Templates\sales_perform.xlt","15360","2002-04-09 17:28:46","C2FB3A6BB6C5F7B7BF2DD8A3497AB40506A942F7FF4372FFF5130639F47D6F83"
"Data_Directories\Templates\Shop_Order.xlt","25088","2002-04-09 17:28:46","65172619BB0BF729A8B292C9FA1D7F04299182124CF3A0507F1865AE58D2FD50"
"Data_Directories\Templates\SprFound.xls","53765","2025-09-05 14:31:09","6A7FDB88B9C7076889B970B7FDBD6860B59C67AE566248EEADFADC4B6C7B31B6"
"Data_Directories\Templates\stat_analysis.xlt","15872","2002-04-09 17:28:46","C97CB5A33411B1B6F8FD4DDEB2580AAA97547C689869C133836983AEA884E1FB"
"Data_Directories\Templates\WorkCompleted.xlt","24576","2003-03-05 11:46:36","3DDAF78211F1980D1E5C3FB15970B99ACC64FEAFF5309FF2F3AB885EEF4D3FDD"
"Data_Directories\Templates\WorkInProgress.xlt","24576","2003-03-05 10:44:18","F6E2D5B22535A45CDD821AB1135943E9F665E8C466E1FC8B047FC7961D3543BB"
"Registry_Exports\HKCU_abc_fileext.reg","546","2026-02-05 11:42:31","CAC3D24688D89131E820A118CBF5FAA62AF41A3BCD07E26A79570FB0920D3E87"
"Registry_Exports\HKCU_ABC_Signs.reg","1810","2026-02-05 11:42:31","4C6FA02506D0E2FA8F1A68E9ACE5086D979ADFEE023090E35A79936417F5311D"
"Registry_Exports\HKLM_ABCSignEstimate.reg","618","2026-02-05 11:42:31","1DF6A0878FFC2E685E9F9398441586FD2A9E10DD1E579AB902C74B34ADAADFB4"
"Registry_Exports\HKLM_ABC_Sign.reg","466","2026-02-05 11:42:31","9E2C707EECEAF511AE593C7D86FFF1644D82A69EEBFD334D27A7FCAE095AC510"
"Registry_Exports\HKLM_Uninstall.reg","508","2026-02-05 11:42:31","8B608774855212BB1F1DEF2AD28CDECFC3AC7F87CC512D09B368CD08B5900F06"
"Root_Files\abcapi.dll","360519","2007-04-27 15:57:02","B533D7681B8571865B292ECA41300189A811CD7B14E080F43BF7FBEDC4AFF8B9"
"Root_Files\abceng.dll","110592","2007-02-28 10:55:24","636BA4BAE345B64406FE9BB76471315386982F69941A69553FAACE01076B7355"
"Root_Files\AbcEng.exe","90112","2007-02-28 10:55:56","0A053263CEE65F0144CB6134EEF583BA7FCB0635581616E0B3CA7BEB2CF6A051"
"Root_Files\abcsignc.mdb","2519040","2006-09-07 09:56:44","144F33B45F5A1892A2276AE14878732E02B105045ABF902E669885F35A8CBE3A"
"Root_Files\bill_mat_nm.abc","129047","2007-04-27 16:01:28","1ED9DBFE91FC19F976A1EDF3CB97EBAA3C2D0E0903F382E8FD4771FD4CD5B4BB"
"Root_Files\crpaig32.dll","229888","2002-04-09 17:29:40","A5C573CBBBBC9074A7C6A44FE726DD9A7E4F90925C9F5FB9EEB3FA2A9C720579"
"Root_Files\crpe32.dll","5350912","2002-04-09 17:29:40","E306A5C35C2880BB8D413E2EA8EA7D2779768EA918F742353613168C35CB0F7F"
"Root_Files\crxlat32.dll","60416","2002-04-09 17:29:40","A659F8F38A9B8062ED7AED7CFB46839B07B1F82097587BBE7B7A7F843B4C68F9"
"Root_Files\CustomerCards.dll","258048","2007-04-27 15:57:44","94A64ED52C1B5D32E0445A191BE879BD9758642DF9F9C350D4279BE736204E2A"
"Root_Files\dept_nm.abc","657","2007-04-27 16:01:28","C86DA241F1D90162AF5ED2446941D393F3B97EC137EAE7097C4749B1304A852D"
"Root_Files\descript_nm.abc","31284","2007-04-27 16:01:28","93663BA4EE91538CA22FC5976D93FD2AA2F6B652DAE1B47AC5C68F82F3F98C62"
"Root_Files\EstConv.exe","40960","2002-05-14 12:57:56","D345D19DDBBAF248480715652FD63350E03BFE62A85AE63F39EF2A5400C45003"
"Root_Files\Estimate.exe","184421","2007-04-27 08:37:40","D0DEED55F1D5E6E991E752F052B91795D7E1F9C2200B7E88FA83834377352236"
"Root_Files\implode.dll","17920","2002-04-09 17:29:40","C17E9B775FFB5249527D9B55028E24B8D318046BEE71318D8AB18478121571C4"
"Root_Files\invent_nm.abc","66987","2007-04-27 16:01:28","1A35665ABC2AC2C94603CD9C4CA079B4D455ED73CDAEBDCE5BADAD909F582653"
"Root_Files\jobAPI.dll","253952","2007-04-27 15:57:22","1D0569B05E84170C2E6FB4CBD97CDC2328645F37FE252233B14F6521DD3D0AFE"
"Root_Files\jobRep.dll","131072","2007-04-27 15:57:52","D379CC586E8E621626F652F56396925A0EB2CDEB4B4B356D21E89964D884DD96"
"Root_Files\jobWrite.dll","393216","2007-04-27 15:59:08","2F6DB969D4D7E8885B47512DE889BCF1AF930C41D8D0DF85FB90ACE6AD8F11C4"
"Root_Files\labor_nm.abc","263742","2007-04-27 16:01:28","C88F7FD316381243BAF2823AEF1E5BB5B051A9D26B711EED303CF3B65BAC76D2"
"Root_Files\macros_nm.abc","2113","2002-04-09 17:28:44","B9A6CCEC091D1E1A73F2B43351D7DE0BF34E8B40DF9363ACDE8240F03D496ED8"
"Root_Files\mconv.dat","131081","2002-04-09 17:28:44","0D43634467B58187C38E473E7D10220B4907EF1CF2943DE7A978D64B62EE3C1F"
"Root_Files\menu_nm.abc","173367","2007-04-27 16:01:28","EFA4F186AEE2D295A946C33D1579CEC4C26EC4274DA24D156084C7FEDDE06953"
"Root_Files\MFC42.DLL","995383","2002-04-09 17:26:56","AA8C615C8BBCD8AD4A9B624ADDB512E0702223EB5F266CE8F6A9A005F718A483"
"Root_Files\MSVCIRT.DLL","77878","2002-04-09 17:26:56","647F7534AAAEDFFA93534E4CB9B24BFCF91524828FF0364D88973BE58139E255"
"Root_Files\MSVCP60.DLL","401462","2002-04-09 17:26:56","2B6B93C2D66969EB00258E2B5AD6172DECEBADA096E3B1B077A3380C80E4A072"
"Root_Files\MSVCRT.DLL","266293","2002-04-09 17:26:56","2D5670881A6D13A100E37DA297F6EEB876F68B63073A28EB5D650625C60F9BF7"
"Root_Files\NMDBBRLib.dll","114688","2007-04-27 15:57:30","A3A72E22EABCCC00B0706E73F3ECA4DCFE35C3568D0FBA04BD74B8865C091173"
"Root_Files\p2bact.dll","286720","2002-04-09 17:29:40","99D9BA949D91BEB4F3A56CF6764209463A02978C4CCE73D3D55473FE882D8E7D"
"Root_Files\p2bact3.dll","43520","2002-04-09 17:29:40","41C156DDCE55858BCF5043A89F44CD981EB70707CCBBD97AB5ACF2826DC3269A"
"Root_Files\p2bbde.dll","208127","2002-04-09 17:29:40","AC20581EB4187944449AD2BCD4B6945B4114BCE40B6F0A1DAFD9555BF850A2BE"
"Root_Files\p2bbtrv.dll","101376","2002-04-09 17:29:40","E1F506C80B303B40408BE1E840E62D107BF2A3A329BE0C69250B2B6B0338E9E8"
"Root_Files\p2bxbse.dll","268288","2002-04-09 17:29:40","D20C09165B5A4FA9CAC885BBCBB9410E77517489DE538F5B52D3235B7F7BA3EF"
"Root_Files\p2ctbtrv.dll","75776","2002-04-09 17:29:40","572D49CC96162F9D816A5E07363819505EA1145D3EAC114464E7A287C7FF346C"
"Root_Files\p2iract.dll","70656","2002-04-09 17:29:40","25DD00F546E28C2BC592C6D0D887B3F083216FB2BF523F0053B4B5C1E5C27581"
"Root_Files\p2iract3.dll","43008","2002-04-09 17:29:40","91C27D7D02488DEC5DDA04AB348614FC4DCD784D80E4BBC54CAE411375AF4437"
"Root_Files\p2ixbse.dll","225280","2002-04-09 17:29:40","A4C9F1E8D82515775069FB5CCAFA9E19EBF08D68F9D5FA86BA3D577C40FB7E12"
"Root_Files\p2lodbc.dll","102912","2002-04-09 17:29:40","D5FC05C663A896738F0F939A3B03DAFE6A4521021E41E2406387073C94353E96"
"Root_Files\p2molap.dll","300544","2002-04-09 17:29:40","228D2EC31AB4BAF6B6CF4C069230CD7BFF601FE4835AFBE0CA74E143D94E6E9C"
"Root_Files\p2sacl.dll","142848","2002-04-09 17:29:40","7AF5B9702E6D6B15E6C313EEB0C6187EE91A6386DFE6C7927F18A73B0FAB006F"
"Root_Files\p2sdb2.dll","214528","2002-04-09 17:29:40","C09EFB889B9398380060D4EC187CF7D844BC3C916697F0AFFE638E7D467B26F5"
"Root_Files\p2sexsr.dll","153600","2002-04-09 17:29:40","9972A5CBA85AEFE9D112D080E69E37F76BED463FE74609F2ED9B3A9013FC52D3"
"Root_Files\p2sfs.dll","138240","2002-04-09 17:29:40","E4E2EB2EC78269C512E290FC61400736E8EA6307FE967F62BB19D25FABEE1D4F"
"Root_Files\p2sifmx.dll","173568","2002-04-09 17:29:40","C4FFF6FD5BFC1BEF98D0662FCB2E80537D9115FB07F6DC0464B3E987F54B9384"
"Root_Files\p2smapi.dll","128512","2002-04-09 17:29:40","447E7E67F494229FE5A8EC6B95B8E6B6C0FEA1A77DC6D4D1C79250858DECC053"
"Root_Files\p2smcube.dll","306176","2002-04-09 17:29:40","5717AA5EDE744C5CA30531FDA5B407C0515C497D9C1B6B83122BBD64C4544111"
"Root_Files\p2smsiis.dll","252416","2002-04-09 17:29:40","86A12EC8E72B9F29EEE29AF109BF72D90BABF99C3B25BF943D5FA3014902F32B"
"Root_Files\p2sodbc.dll","206848","2002-04-09 17:29:40","6C79361132435C0AA9D852EFE156CBC6C8E4942CEB2ACF09C5C781CEDB2167E7"
"Root_Files\p2solap.dll","239616","2002-04-09 17:29:42","A9AD97DDDFB96F013D1E526393180C6BED723AAC7B30536FFF70B975DFCC0436"
"Root_Files\p2soledb.dll","138240","2002-04-09 17:29:42","BF1D4B1DC0C128D2FCCFBCC471FE59F57244E278640919AC0B484B518D82B72C"
"Root_Files\p2sora7.dll","216064","2002-04-09 17:29:42","9DECF1672220D3023D7E06B3A713FE5209939F77AEC7E199F6B291F3A318112A"
"Root_Files\p2soutlk.dll","806400","2002-04-09 17:29:42","3C11A967D2D97342CC41D70E951205B4FCEA8353ED067C2A648BF44737747FD5"
"Root_Files\p2srepl.dll","140800","2002-04-09 17:29:42","DC1B6F127144C8DA2F877D77C8B5D317CD70E2F3F0922D81E0ADF8F9F879E8C1"
"Root_Files\p2ssql.dll","201728","2002-04-09 17:29:42","30001B311C6328D51B554E7257672672E49C4C38CDCC7AFE25C62727825BE412"
"Root_Files\p2ssyb10.dll","160768","2002-04-09 17:29:42","2380FC552AC7E4E8346B4119A57AFD71EA65832DB6FC0A8EC9D7E312D0AD8264"
"Root_Files\p2strack.dll","206336","2002-04-09 17:29:42","4DADE79D2DF5B3F9A449A632A1415AE96C502A6405CCFCAE2160105247AAA7EC"
"Root_Files\p2swblg.dll","234496","2002-04-09 17:29:42","096D647D4C58000253F420C777902B1DD3FAF1050AB10891A0A77A2975811919"
"Root_Files\PDSODBC.DLL","253904","2002-04-09 17:29:42","5F5E955271F32B72527F1D432F55D80B9C5F8748DD0B6CE9E10195B3D79D638E"
"Root_Files\sales_nm.abc","408","2007-04-27 08:45:08","A0DC0FA2C9C254599DAE0C6A7314B38CE6EDB7AB99E07977DA790BB7FA0DE3CD"
"Root_Files\scripts_nm.abc","255801","2007-03-01 12:02:58","FD34CFADD2EC050C50DD4D201764BC3CE5152E1E44C1E67BA3DDA18D0F290843"
"Root_Files\stat_nm.abc","2908","2007-04-27 08:45:22","FF638EC32116358580D283C39C324A5E4D7E914F6623DBF0792AA77EC4A63D89"
"Root_Files\u252000.dll","55808","2002-04-09 17:29:42","8BC7BD06ABE1698C360905E605F081AC740BF0298DF9DAE98A2B159BECEA630A"
"Root_Files\u25dts.dll","44544","2002-04-09 17:29:42","71EF1AB2A922D0A16A90DA19B099F45A4E6D07A10C3B6C056D03402160BCF221"
"Root_Files\u2dapp.dll","70144","2002-04-09 17:29:42","FBB7A0FB4AD58B16A3E17AD05514BA20C4F8F366BDC0A3820D48B70303EFDE3E"
"Root_Files\u2ddisk.dll","58880","2002-04-09 17:29:42","BE31F493DD5537C742474821539716384E69048BE41EC5C98CC92F1E4CEB66E4"
"Root_Files\u2dmapi.dll","74240","2002-04-09 17:29:42","7AAC8F062B09F0902A2FC5B2587DF33F0FB5692E874E6CF33534B000C6F2DA9B"
"Root_Files\u2dnotes.dll","102912","2002-04-09 17:29:42","31B70CBEED56C70C7411CB9C11A69F699837E44BB552CFE018B92743BA273E83"
"Root_Files\u2dpost.dll","95232","2002-04-09 17:29:42","0C9B46B23355F62EA4B980084BAABC85BADECB933DEB01053326988F6FFD65E6"
"Root_Files\u2dvim.dll","92160","2002-04-09 17:29:42","D99C9BDB5B6AFB54D9820DD2A77B15C792647651163D514399AA6FED9F2B05ED"
"Root_Files\u2fcr.dll","64000","2002-04-09 17:29:42","F33146A100F8B074CE7EBDE1866C66828E800AE406B4C84C6B18115AAD125CE7"
"Root_Files\u2fdif.dll","71680","2002-04-09 17:29:42","AF5EDCBABE05D851F80C0C7C7E18E4EA6267B9ACA7F2785DFAD3A74B9FBC3D25"
"Root_Files\u2fhtml.dll","221696","2002-04-09 17:29:42","B60A8FE19DBC6EF65038ED76CB8DD414FD2384B616E24B549BDDAFDEF249BE86"
"Root_Files\u2fodbc.dll","93184","2002-04-09 17:29:42","8EA3D5EB29248FEF4B919BD31CA94146838E77B060B10C012D580FBDBD71E6B7"
"Root_Files\u2frdef.dll","67584","2002-04-09 17:29:42","635C0ACE5AFAECDF31EE5CACB0676F9B27BDE67FFF7FE6B589DE16CF83BA34FF"
"Root_Files\u2frec.dll","64000","2002-04-09 17:29:42","DD1EB3434699DF68437EED51CC7D189EDF75902246BD2FADE77D63E8D757F007"
"Root_Files\u2frtf.dll","113664","2002-04-09 17:29:42","A92C67F6ACB3B131FC2C74A7D5FE6BABB09FECE41548BA04CCFD318A02A421EC"
"Root_Files\u2fsepv.dll","73728","2002-04-09 17:29:42","F4FD298AB596C33DA8C809A18A45D07AEB0C6F0DC54A747508535D6CA7405B3B"
"Root_Files\u2ftext.dll","129024","2002-04-09 17:29:42","64A334DFD2F8FCDED9E08C805EA72DDBE4FC1CE1AB7F4795FFBC625F82BAE4FD"
"Root_Files\u2fwks.dll","75264","2002-04-09 17:29:42","C0A503AED61331064048284449BEEC684D3B91023B38863839CEC4D89FDB6C6A"
"Root_Files\u2fwordw.dll","120320","2002-04-09 17:29:42","812F4FCCC493EF5BD936A32DFF37EEC2B04F7AE708A1B5E6D1DFC4C46BE09D89"
"Root_Files\u2fxls.dll","180736","2002-04-09 17:29:42","7396F5F7056262C40AF5F38475C9E6E7E81BEC9876FCC4ECB0B87C8B458BDDCC"
"Root_Files\u2l2000.dll","56320","2002-04-09 17:29:42","1EFD0FF730B6B6A738D4BA49BB945BCEA5B8B71282D5E4ED92702B23C75207ED"
"Root_Files\u2lbar.dll","40960","2002-04-09 17:29:42","9C69F02929A3F98FCCA273680EF76457A8DF7102BF567940DE209D45A699EBF6"
"Root_Files\u2lcom.dll","24576","2002-04-09 17:29:42","88E1BA85141B5E5DBD441D55E687B20A09ADE6F45727324DC38571C51AC22B8F"
"Root_Files\u2ldts.dll","38400","2002-04-09 17:29:42","C2322D81801E9F11E70D73239B2947D3A77918B1733A5FDBEC441E905283DCAA"
"Root_Files\u2lexch.dll","36864","2002-04-09 17:29:42","452C4A085A74B555B713B4374158C86D0F7EF7798D53B2A17771A343E212D0EC"
"Root_Files\u2lfinra.dll","12288","2002-04-09 17:29:42","E31FBCE3FB324570FA8F81BF014E38F3C69FA9B150E75C0D7BCEBD93E28F6479"
"Root_Files\u2lsamp1.dll","27136","2002-04-09 17:29:42","046E8E4D711B04015490B2465EB7DE970DAFA15C8584B780AFA40F66F96FD815"
"Root_Files\Uninst.isu","15488","2024-05-14 19:46:24","8D6244883E3E7F547E63184B49D17F0B7FD22D43A03638C0EC8BB68C381F1546"
"Root_Files\UserManager.exe","40960","2002-09-26 18:00:58","B9272CCB5F3ECB6023D4788E9247FFCE2B6C9D40D6C911B88165A6B7ECC548F0"
"Root_Files\user_nm.abc","98","2002-04-09 17:28:46","5CB75889A7C5D6DD7FDD00DF7FD7331E527251BCB0FD77FF3ACA3AFD69D4E2E3"
"Root_Files\wocfg_nm.abc","140","2007-04-27 16:00:26","03DD8D7222374E8C7612804B4FAD6D19382BFA0854EFFA1CF62CEBC5BE9FC1CB"
