"02-15-26","","","Eagle Sign Company","DIVISION 20","","DATE RANGE:  01/01/26 - 02/15/26","","","","","","","0099","","","","","","","0100","","","","","","","0200","","","","","","","0300","","","","","","","0400","","","","","","","0500","","","","","","","0600","","","","","","","0700","","","","","","","0800","","","","","","","5010","","","","","","","5190","","","","","","","5200","","","","","","","5300","","","","","","","5307","","","","","","","6000","","","","","","","6010","","","","","","","6020","","","","","","","6030","","","","","","","6040","","","","","","","6050","","","","","","","9820","","","","","ADJ"
"","","","","","","","","","","","","","PERMITTING","","","","","","","ART DEPARTMENT","","","","","","","FABRICATION","","","","","","","ELECTRICAL","","","","","","","PAINT","","","","","","","VINYL & GRAPHICS","","","","","","","INSTALLATION","","","","","","","SERVICE","","","","","","","TRAVEL","","","","","","","VEHICLE MAINTENANCE","","","","","","","SALES","","","","","","","JANITORIAL","","","","","","","OFFICE","","","","","","","Management Labor","","","","","","","VACATION PAY","","","","","","","PERSONAL/SICK PAY","","","","","","","MISC BENEFIT PAY","","","","","","","EMPLOYEE BONUS","","","","","","","HOLIDAY PAY","","","","","","","INDIRECT SHOP LABOR","","","","","","","Service Labor - Overtime","","","","","Adjust/Transfer"
"WO #","Due Date","Customer #","Customer Name","Job Location","Quote #","Description","Sign Type","Template Code","WO Status","","Est Hrs","Act Hrs","Variance","Est Dollars","Act Dollars","Variance","","Est Hrs","Act Hrs","Variance","Est Dollars","Act Dollars","Variance","","Est Hrs","Act Hrs","Variance","Est Dollars","Act Dollars","Variance","","Est Hrs","Act Hrs","Variance","Est Dollars","Act Dollars","Variance","","Est Hrs","Act Hrs","Variance","Est Dollars","Act Dollars","Variance","","Est Hrs","Act Hrs","Variance","Est Dollars","Act Dollars","Variance","","Est Hrs","Act Hrs","Variance","Est Dollars","Act Dollars","Variance","","Est Hrs","Act Hrs","Variance","Est Dollars","Act Dollars","Variance","","Est Hrs","Act Hrs","Variance","Est Dollars","Act Dollars","Variance","","Est Hrs","Act Hrs","Variance","Est Dollars","Act Dollars","Variance","","Est Hrs","Act Hrs","Variance","Est Dollars","Act Dollars","Variance","","Est Hrs","Act Hrs","Variance","Est Dollars","Act Dollars","Variance","","Est Hrs","Act Hrs","Variance","Est Dollars","Act Dollars","Variance","","Est Hrs","Act Hrs","Variance","Est Dollars","Act Dollars","Variance","","Est Hrs","Act Hrs","Variance","Est Dollars","Act Dollars","Variance","","Est Hrs","Act Hrs","Variance","Est Dollars","Act Dollars","Variance","","Est Hrs","Act Hrs","Variance","Est Dollars","Act Dollars","Variance","","Est Hrs","Act Hrs","Variance","Est Dollars","Act Dollars","Variance","","Est Hrs","Act Hrs","Variance","Est Dollars","Act Dollars","Variance","","Est Hrs","Act Hrs","Variance","Est Dollars","Act Dollars","Variance","","Est Hrs","Act Hrs","Variance","Est Dollars","Act Dollars","Variance","","Act Dollars","","Tot Est Hrs","Tot Act Hrs","Tot Variance","Tot Est Dollars","Tot Act Dollars","Tot Variance"
"SC8606.1","02/06/26","5412","1908 DRAUGHT HOUSE","",""," Customer is reporting an outage with the HOUSE illuminated channel letters on the west elevation of the building. Reference provided picture. Please send service to trouble shoot and repair. Restaurant opens at 11am. Customer contact is Stef Smith 515-451-7042."," ","","Mfg Closed","","","","","","","","","","","","","","","","","","","","","","","","","","","","","","","","","","","","","","","","","","","","0.000","2.500","-2.500","0.00","185.67","-185.67","","0.000","0.500","-0.500","0.00","34.16","-34.16","","","","","","","","","","","","","","","","","","","","","","","","","","","","","","","","","","","","","","","","","","","","","","","","","","","","","","","","","","","","","","","","","","","","","","","","","","","","","","","","","","","","","","","","","","","","","","","0.000","3.000","-3.000","0.00","219.83","-219.83"
"12397.12","01/16/26","3686","ADCON","",""," Furnish and install an aluminum filler for the top of the base cabinet. Paint color SW 7632 Modern Gray with a Satin Finish. Bill customer T&M as a separate line item."," ","","Acct Closed","","","","","","","","","","","","","","","","0.000","0.500","-0.500","0.00","26.73","-26.73","","","","","","","","","0.000","1.500","-1.500","0.00","66.65","-66.65","","","","","","","","","0.000","2.250","-2.250","0.00","176.20","-176.20","","","","","","","","","","","","","","","","","","","","","","","","","","","","","","","","","","","","","","","","","","","","","","","","","","","","","","","","","","","","","","","","","","","","","","","","","","","","","","","","","","","","","","","","","","","","","","","","","","","","","","0.000","4.250","-4.250","0.00","269.58","-269.58"
"SC8572.1","01/03/26","6419","AMERICINN","",""," The pole sign (that is along side US-6 West) has some outages, Please head to the site, and Diagnose and repair, Please call Danny with the price for repairs as well as before you go: His telephone number is (515)721-2727. Danny believes that sign is 60- to 70 feet tall(or more)."," ","","","","","","","","","","","","","","","","","","","","","","","","","","","","","","","","","","","","","","","","","","","","","","","","","","","","","","","","","","","","","","","","","","","","","","","","","","","","","","","","","","","","","","","","","","","","","","","","","","","","","","","","","","","","","","","","","","","","","","","","","","","","","","","","","","","","","","","","","","","","","","","","","","","","","","","","","","","0.000","","","0.00"
"12685.1","01/20/26","5156","ARCHITECTURAL GRAPHIC INC.","JOHNSTON, IA","40533"," Site Survey - Sizing on all roof screens - we will need to survey to get all measurements. Please make sure to get measurements of the interior edge of the black roof trim such as length and width for the entire roof, not just what is called out in the last photo for reference.","BLDNON","","Acct Closed","","","","","","","","","","","","","","","","","","","","","","","","","","","","","","","","","","","","","","","","","","","","4.000","6.750","-2.750","293.32","453.50","-160.18","","","","","","","","","","","","","","","","","","","","","","","","","","","","","","","","","","","","","","","","","","","","","","","","","","","","","","","","","","","","","","","","","","","","","","","","","","","","","","","","","","","","","","","","","","","","","","","","","","","","","","4.000","6.750","-2.750","293.32","453.50","-160.18"
"SC8591.1","01/24/26","5156","ARCHITECTURAL GRAPHIC INC.","",""," Lane 1 Drive thru menu board is not illuminating please assess and repair. Must be completed before 10 AM on Tuesday 1"," ","","Acct Closed","","","","","","","","","","","","","","","","","","","","","","","","","","","","","","","","","","","","","","","","","","","","0.000","1.500","-1.500","0.00","89.34","-89.34","","0.000","1.500","-1.500","0.00","92.01","-92.01","","","","","","","","","","","","","","","","","","","","","","","","","","","","","","","","","","","","","","","","","","","","","","","","","","","","","","","","","","","","","","","","","","","","","","","","","","","","","","","","","","","","","","","","","","","","","","","0.000","3.000","-3.000","0.00","181.35","-181.35"
"SC8597.1","01/30/26","5156","ARCHITECTURAL GRAPHIC INC.","",""," New- Retrofit kit for the main menu board. One board is 31""x45"". Two boards are 16""x45"". This included the LED's and power supply. Install"," ","","","","","","","","","","","","","","","","","","","","","","","","","","","","","","","","","","","","","","","","","","","","","","","","","","","","","","","","","","","","","","","","","","","","","","","","","","","","","","","","","","","","","","","","","","","","","","","","","","","","","","","","","","","","","","","","","","","","","","","","","","","","","","","","","","","","","","","","","","","","","","","","","","","","","","","","","","","0.000","","","0.00"
"SC8582.1","01/15/26","5107","ATLANTIC BOTTLING COCA-COLA","",""," The top portion of the ""Coca Cola"" wave is burnt out in the front building sign, please contact Craig to schedule service. (515)-975-5191"," ","","Acct Closed","","","","","","","","","","","","","","","","","","","","","","","","","","","","","","","","","","","","","","","","","","","","0.000","4.000","-4.000","0.00","254.78","-254.78","","0.000","9.250","-9.250","0.00","583.56","-583.56","","","","","","","","","","","","","","","","","","","","","","","","","","","","","","","","","","","","","","","","","","","","","","","","","","","","","","","","","","","","","","","","","","","","","","","","","","","","","","","","","","","","","","","","","","","","","","","0.000","13.250","-13.250","0.00","838.34","-838.34"
"SC8590.1","01/23/26","2535","ATLAS SIGN INDUSTRIES","",""," Please head to the site, Secure the ROA face, and make repairs to the LED outages. Please secure trim that is hanging. Need sign secure for safety and surveyed"," ","","Acct Closed","","","","","","","","","","","","","","","","","","","","","","","","","","","","","","","","","","","","","","","","","","","","0.000","1.500","-1.500","0.00","93.10","-93.10","","0.000","1.500","-1.500","0.00","97.49","-97.49","","","","","","","","","","","","","","","","","","","","","","","","","","","","","","","","","","","","","","","","","","","","","","","","","","","","","","","","","","","","","","","","","","","","","","","","","","","","","","","","","","","","","","","","","","","","","","","0.000","3.000","-3.000","0.00","190.59","-190.59"
"12729.1","01/30/26","3461","AURORA SIGN CO.","ANKENY, IA","40675"," Site Survey: provide all signable opportunities of front and rear elevations, tenant panels if existing, and window and door measurements.","CLLIT","","Acct Closed","","","","","","","","","","","","","","","","","","","","","","","","","","","","","","","","","","","","","","","","","","","","3.000","7.000","-4.000","225.54","485.62","-260.08","","","","","","","","","","","","","","","","","","","","","","","","","","","","","","","","","","","","","","","","","","","","","","","","","","","","","","","","","","","","","","","","","","","","","","","","","","","","","","","","","","","","","","","","","","","","","","","","","","","","","","3.000","7.000","-4.000","225.54","485.62","-260.08"
"SC8583.1","01/17/26","6337","CAMPBELL SUPPLY CO","",""," Please head to the site and repair the pole sign(it is the sign that faces army Post road) it is coming apart. please repair to function. Please call Brandon prior to heading out (515)287-7542"," ","","Acct Closed","","","","","","","","","","","","","","","","","","","","","","","","","","","","","","","","","","","","","","","","","","","","0.000","2.000","-2.000","0.00","123.98","-123.98","","0.000","2.000","-2.000","0.00","127.04","-127.04","","","","","","","","","","","","","","","","","","","","","","","","","","","","","","","","","","","","","","","","","","","","","","","","","","","","","","","","","","","","","","","","","","","","","","","","","","","","","","","","","","","","","","","","","","","","","","","0.000","4.000","-4.000","0.00","251.02","-251.02"
"12600.3","01/06/26","18600","CAT SCALE","Walcott, IA","40250"," JANUARY SHIPMENT: (25) Intercom Front Face Standard & (25) Intercom Back Standard","POLLIT","","Acct Closed","","","","","","","","","","","","","","","","","","","","","","","","","","","","","","","","","","","","","","","","","","","","","","","","","","","","","","","","","","","","","","","","","","","","","","","","","","","","","","","","","","","","","","","","","","","","","","","","","","","","","","","","","","","","","","","","","","","","","","","","","","","","","","","","","","","","","","","","","","","","","","","","","","","","","","","","","0.000","","","0.00"
"12600.4","02/03/26","18600","CAT SCALE","Walcott, IA","40251"," FEBRUARY SHIPMENT: (25) Intercom Front Face Standard & (25) Intercom Back Standard","POLLIT","","Acct Closed","","","","","","","","","","","","","","","","","","","","","","","","","","","","","","","","","","","","","","","","","","","","","","","","","","","","","","","","","","","","","","","","","","","","","","","","","","","","","","","","","","","","","","","","","","","","","","","","","","","","","","","","","","","","","","","","","","","","","","","","","","","","","","","","","","","","","","","","","","","","","","","","","","","","","","","","","0.000","","","0.00"
"12663.1","01/20/26","18600","CAT SCALE","MERIDIAN, MS","40461"," (5) 115mph","POLLIT","","Acct Closed","","","","","","","","","","","","","","","","0.000","4.500","-4.500","0.00","204.45","-204.45","","","","","","","","","","","","","","","","","","","","","","","","","","","","","","","","","","","","","","","","","","","","","","","","","","","","","","","","","","","","","","","","","","","","","","","","","","","","","","","","","","","","","","","","","","","","","","","","","","","","","","","","","","","","","","","","","","","","","","","","","","","","","","","","","","0.000","4.500","-4.500","0.00","204.45","-204.45"
"12686.1","01/06/26","18600","CAT SCALE","COUNCIL BLUFFS, IA","40540"," (1) intercom side, 115mph pole","POLLIT","","Acct Closed","","","","","","","","","","","","","","","","","","","","","","","","","","","","","","","","","","","","","","","","","","","","","","","","","","","","","","","","","","","","","","","","","","","","","","","","","","","","","","","","","","","","","","","","","","","","","","","","","","","","","","","","","","","","","","","","","","","","","","","","","","","","","","","","","","","","","","","","","","","","","","","","","","","","","","","","","0.000","","","0.00"
"12690.1","01/06/26","18600","CAT SCALE","BAYTOWN, TX","40544"," (1) Full Hurricane Pkg Ship to: Humble Sign Co. 20620 Townsen Blvd E. Humble, TX 77338 Donald Ritter 281-812-2100 donald@humblesignco.com","POLLIT","","Acct Closed","","","","","","","","","","","","","","","","0.000","0.750","-0.750","0.00","35.20","-35.20","","","","","","","","","","","","","","","","","","","","","","","","","","","","","","","","","","","","","","","","","","","","","","","","","","","","","","","","","","","","","","","","","","","","","","","","","","","","","","","","","","","","","","","","","","","","","","","","","","","","","","","","","","","","","","","","","","","","","","","","","","","","","","","","","","0.000","0.750","-0.750","0.00","35.20","-35.20"
"12693.1","01/05/26","18600","CAT SCALE","TERRELL, TX","40557"," (1) set of 5x20 faces","POLLIT","","Acct Closed","","","","","","","","","","","","","","","","","","","","","","","","","","","","","","","","","","","","","","","","","","","","","","","","","","","","","","","","","","","","","","","","","","","","","","","","","","","","","","","","","","","","","","","","","","","","","","","","","","","","","","","","","","","","","","","","","","","","","","","","","","","","","","","","","","","","","","","","","","","","","","","","","","","","","","","","","0.000","","","0.00"
"12696.1","01/05/26","18600","CAT SCALE","GULFPORT, MS","40572"," (1) Intercom Sign","POLLIT","","Acct Closed","","","","","","","","","","","","","","","","","","","","","","","","","","","","","","","","","","","","","","","","","","","","","","","","","","","","","","","","","","","","","","","","","","","","","","","","","","","","","","","","","","","","","","","","","","","","","","","","","","","","","","","","","","","","","","","","","","","","","","","","","","","","","","","","","","","","","","","","","","","","","","","","","","","","","","","","","0.000","","","0.00"
"12697.1","01/20/26","18600","CAT SCALE","BISMARK, ND","40574"," (1) 115MPH","POLLIT","","Acct Closed","","","","","","","","","","","","","","","","","","","","","","","","","","","","","","","","","","","","","","","","","","","","","","","","","","","","","","","","","","","","","","","","","","","","","","","","","","","","","","","","","","","","","","","","","","","","","","","","","","","","","","","","","","","","","","","","","","","","","","","","","","","","","","","","","","","","","","","","","","","","","","","","","","","","","","","","","0.000","","","0.00"
"12700.1","01/12/26","18600","CAT SCALE","BRUNSWICK, GA","40610"," (1) Intercom Sign","POLLIT","","Acct Closed","","","","","","","","","","","","","","","","","","","","","","","","","","","","","","","","","","","","","","","","","","","","","","","","","","","","","","","","","","","","","","","","","","","","","","","","","","","","","","","","","","","","","","","","","","","","","","","","","","","","","","","","","","","","","","","","","","","","","","","","","","","","","","","","","","","","","","","","","","","","","","","","","","","","","","","","","0.000","","","0.00"
"12701.1","01/19/26","18600","CAT SCALE","NOGALES, AZ","40612"," (1) non-intercom standard pole","POLLIT","","Acct Closed","","","","","","","","","","","","","","","","","","","","","","","","","","","","","","","","","","","","","","","","","","","","","","","","","","","","","","","","","","","","","","","","","","","","","","","","","","","","","","","","","","","","","","","","","","","","","","","","","","","","","","","","","","","","","","","","","","","","","","","","","","","","","","","","","","","","","","","","","","","","","","","","","","","","","","","","","0.000","","","0.00"
"12702.1","01/12/26","18600","CAT SCALE","BUNKIE, LA","40613"," (1) std intercom sign","POLLIT","","Acct Closed","","","","","","","","","","","","","","","","","","","","","","","","","","","","","","","","","","","","","","","","","","","","","","","","","","","","","","","","","","","","","","","","","","","","","","","","","","","","","","","","","","","","","","","","","","","","","","","","","","","","","","","","","","","","","","","","","","","","","","","","","","","","","","","","","","","","","","","","","","","","","","","","","","","","","","","","","0.000","","","0.00"
"12705.1","01/15/26","18600","CAT SCALE","HOUSTON, TX","40623"," (1) set of 5x20 faces","POLLIT","","Acct Closed","","","","","","","","","","","","","","","","","","","","","","","","","","","","","","","","","","","","","","","","","","","","","","","","","","","","","","","","","","","","","","","","","","","","","","","","","","","","","","","","","","","","","","","","","","","","","","","","","","","","","","","","","","","","","","","","","","","","","","","","","","","","","","","","","","","","","","","","","","","","","","","","","","","","","","","","","0.000","","","0.00"
"12706.1","02/10/26","18600","CAT SCALE","AUDUBON, IA","40622"," (1) Std Overhead 5x20 Package","POLLIT","","","","","","","","","","","","","","","","","","","","","","","","","","","","","","","","","","","","","","","","","","","","","","","","","","","","","","","","","","","","","","","","","","","","","","","","","","","","","","","","","","","","","","","","","","","","","","","","","","","","","","","","","","","","","","","","","","","","","","","","","","","","","","","","","","","","","","","","","","","","","","","","","","","","","","","","","","","0.000","","","0.00"
"12709.1","01/15/26","18600","CAT SCALE","MONROE, MI","40629"," (1) intercom sign","POLLIT","","Acct Closed","","","","","","","","","","","","","","","","","","","","","","","","","","","","","","","","","","","","","","","","","","","","","","","","","","","","","","","","","","","","","","","","","","","","","","","","","","","","","","","","","","","","","","","","","","","","","","","","","","","","","","","","","","","","","","","","","","","","","","","","","","","","","","","","","","","","","","","","","","","","","","","","","","","","","","","","","0.000","","","0.00"
"12712.1","02/03/26","18600","CAT SCALE","MCCALLA, AL","40637"," (1) Full Standard","POLLIT","","Mfg Closed","","","","","","","","","","","","","","","","","","","","","","","","","","","","","","","","","","","","","","","","","","","","","","","","","","","","","","","","","","","","","","","","","","","","","","","","","","","","","","","","","","","","","","","","","","","","","","","","","","","","","","","","","","","","","","","","","","","","","","","","","","","","","","","","","","","","","","","","","","","","","","","","","","","","","","","","","0.000","","","0.00"
"12715.1","01/21/26","18600","CAT SCALE","",""," The bulbs need replaced in the 5x20 overhead sign. Cat is using Vision Sign and Design to do those repairs. Cat will forward us the invoice"," ","","","","","","","","","","","","","","","","","","","","","","","","","","","","","","","","","","","","","","","","","","","","","","","","","","","","","","","","","","","","","","","","","","","","","","","","","","","","","","","","","","","","","","","","","","","","","","","","","","","","","","","","","","","","","","","","","","","","","","","","","","","","","","","","","","","","","","","","","","","","","","","","","","","","","","","","","","","0.000","","","0.00"
"12719.1","01/23/26","18600","CAT SCALE","TALLULAH, LA","40647"," (1) intercom sign","POLLIT","","Acct Closed","","","","","","","","","","","","","","","","","","","","","","","","","","","","","","","","","","","","","","","","","","","","","","","","","","","","","","","","","","","","","","","","","","","","","","","","","","","","","","","","","","","","","","","","","","","","","","","","","","","","","","","","","","","","","","","","","","","","","","","","","","","","","","","","","","","","","","","","","","","","","","","","","","","","","","","","","0.000","","","0.00"
"12721.1","01/21/26","18600","CAT SCALE","ADEL, GA","40652"," (1) intercom sign","POLLIT","","Acct Closed","","","","","","","","","","","","","","","","","","","","","","","","","","","","","","","","","","","","","","","","","","","","","","","","","","","","","","","","","","","","","","","","","","","","","","","","","","","","","","","","","","","","","","","","","","","","","","","","","","","","","","","","","","","","","","","","","","","","","","","","","","","","","","","","","","","","","","","","","","","","","","","","","","","","","","","","","0.000","","","0.00"
"12732.1","02/09/26","18600","CAT SCALE","WALCOTT, IA","40693"," (6) sets of 5x20 faces","POLLIT","","Mfg Closed","","","","","","","","","","","","","","","","","","","","","","","","","","","","","","","","","","","","","","","","","","","","","","","","","","","","","","","","","","","","","","","","","","","","","","","","","","","","","","","","","","","","","","","","","","","","","","","","","","","","","","","","","","","","","","","","","","","","","","","","","","","","","","","","","","","","","","","","","","","","","","","","","","","","","","","","","0.000","","","0.00"
"12733.1","02/09/26","18600","CAT SCALE","DENHAM SPRINGS, LA","40692"," (1) set of 5x20 faces. Ship to: Bright Box Signs, ATTN: Cody Jenkins. Address: 4142 Evan Brooks Drive, Baton Rouge, LA 70814. Telephone #: (225)-421-1850","POLLIT","","Mfg Closed","","","","","","","","","","","","","","","","","","","","","","","","","","","","","","","","","","","","","","","","","","","","","","","","","","","","","","","","","","","","","","","","","","","","","","","","","","","","","","","","","","","","","","","","","","","","","","","","","","","","","","","","","","","","","","","","","","","","","","","","","","","","","","","","","","","","","","","","","","","","","","","","","","","","","","","","","0.000","","","0.00"
"12734.1","02/09/26","18600","CAT SCALE","ELOY, AZ","40691"," (1) set of 5x20 faces","POLLIT","","Acct Closed","","","","","","","","","","","","","","","","","","","","","","","","","","","","","","","","","","","","","","","","","","","","","","","","","","","","","","","","","","","","","","","","","","","","","","","","","","","","","","","","","","","","","","","","","","","","","","","","","","","","","","","","","","","","","","","","","","","","","","","","","","","","","","","","","","","","","","","","","","","","","","","","","","","","","","","","","0.000","","","0.00"
"12735.1","02/10/26","18600","CAT SCALE","MUNDY TOWNSHIP, MI","40663"," (1) set of custom faces for a 5'8"" H x 20' 1"" W cabinet - faces are 6"" oversized in Height x Width","POLLIT","","","","","","","","","","","","","","","","","","0.000","4.500","-4.500","0.00","217.09","-217.09","","","","","","","","","","","","","","","","0.000","7.750","-7.750","0.00","386.00","-386.00","","","","","","","","","","","","","","","","","","","","","","","","","","","","","","","","","","","","","","","","","","","","","","","","","","","","","","","","","","","","","","","","","","","","","","","","","","","","","","","","","","","","","","","","","","","","","","","","","","","","","","","","","","","","","0.000","12.250","-12.250","0.00","603.09","-603.09"
"12739.1","02/10/26","18600","CAT SCALE","CAMERON, MO","40701"," (1) intercom sign (overnighted)","POLLIT","","Mfg Closed","","","","","","","","","","","","","","","","","","","","","","","","","","","","","","","","","","","","","","","","","","","","","","","","","","","","","","","","","","","","","","","","","","","","","","","","","","","","","","","","","","","","","","","","","","","","","","","","","","","","","","","","","","","","","","","","","","","","","","","","","","","","","","","","","","","","","","","","","","","","","","","","","","","","","","","","","0.000","","","0.00"
"12740.1","02/10/26","18600","CAT SCALE","HAMMOND, LA","40702"," (1) set of 5x20 faces","POLLIT","","Mfg Closed","","","","","","","","","","","","","","","","","","","","","","","","","","","","","","","","","","","","","","","","","","","","","","","","","","","","","","","","","","","","","","","","","","","","","","","","","","","","","","","","","","","","","","","","","","","","","","","","","","","","","","","","","","","","","","","","","","","","","","","","","","","","","","","","","","","","","","","","","","","","","","","","","","","","","","","","","0.000","","","0.00"
"12744.1","02/12/26","18600","CAT SCALE","PERCIVAL, IA","40718"," (1) intercom sign","POLLIT","","","","","","","","","","","","","","","","","","","","","","","","","","","","","","","","","","","","","","","","","","","","","","","","","","","","","","","","","","","","","","","","","","","","","","","","","","","","","","","","","","","","","","","","","","","","","","","","","","","","","","","","","","","","","","","","","","","","","","","","","","","","","","","","","","","","","","","","","","","","","","","","","","","","","","","","","","","0.000","","","0.00"
"SC8579.1","01/09/26","6422","CITY OF OSCEOLA","",""," The 100 ft flag pole needs re-roped. (The landmark I was given was Casey's and if you drive through their lot you can get to the flag pole but there is a retaining wall: the flagpole is close to the city of Osceola sign.) Please call 641-223-3422 and arrange time to meet at site to discuss repair of ropes. 641-223-3422"," ","","","","","","","","","","","","","","","","","","","","","","","","","","","","","","","","","","","","","","","","","","","","","","0.000","1.750","-1.750","0.00","128.90","-128.90","","0.000","2.250","-2.250","0.00","153.74","-153.74","","","","","","","","","","","","","","","","","","","","","","","","","","","","","","","","","","","","","","","","","","","","","","","","","","","","","","","","","","","","","","","","","","","","","","","","","","","","","","","","","","","","","","","","","","","","","","","0.000","4.000","-4.000","0.00","282.64","-282.64"
"SC8588.1","01/23/26","6058","CLAIM DOC","",""," Please call Josh and let him know when you will be there. The sign needs serviced asap. "," ","","Acct Closed","","","","","","","","","","","","","","","","","","","","","","","","","","","","","","","","","","","","","","","","","","","","0.000","0.750","-0.750","0.00","56.78","-56.78","","0.000","1.500","-1.500","0.00","102.47","-102.47","","","","","","","","","","","","","","","","","","","","","","","","","","","","","","","","","","","","","","","","","","","","","","","","","","","","","","","","","","","","","","","","","","","","","","","","","","","","","","","","","","","","","","","","","","","","","","","0.000","2.250","-2.250","0.00","159.25","-159.25"
"SC8585.1","01/22/26","2371","COAST SIGN LLC","",""," *Emergency* Please secure the swinging Ross Dress for Less under canopy signage. Remove if it cannot be secured. Do not discuss pricing with customer. Only mention Coast Sign. To Validate diagnosing"," ","","Acct Closed","","","","","","","","","","","","","","","","","","","","","","","","","","","","","","","","","","","","","","","","","","","","0.000","1.250","-1.250","0.00","74.01","-74.01","","0.000","1.250","-1.250","0.00","80.16","-80.16","","","","","","","","","","","","","","","","","","","","","","","","","","","","","","","","","","","","","","","","","","","","","","","","","","","","","","","","","","","","","","","","","","","","","","","","","","","","","","","","","","","","","","","","","","","","","","","0.000","2.500","-2.500","0.00","154.17","-154.17"
"SC8589.1","01/23/26","2371","COAST SIGN LLC","",""," Please head tot he site, Check in with management, Diagnose the outages in the main Exterior store sign- The word ""FOR"" is out. Repair. If you are going to exceed the NTE call Erica at coast 714-520-3327 EXT 2307. Please send her completion photos at erica.thomas@coastsign.com "," ","","Acct Closed","","","","","","","","","","","","","","","","","","","","","","","","","","","","","","","","","","","","","","","","","","","","0.000","0.500","-0.500","0.00","30.67","-30.67","","0.000","1.250","-1.250","0.00","83.65","-83.65","","","","","","","","","","","","","","","","","","","","","","","","","","","","","","","","","","","","","","","","","","","","","","","","","","","","","","","","","","","","","","","","","","","","","","","","","","","","","","","","","","","","","","","","","","","","","","","0.000","1.750","-1.750","0.00","114.32","-114.32"
"12698.1","01/30/26","6421","CODE - EZ TRANSPORT LLC","WEST DES MOINES, IA","40559"," MAGNETIC VEHCILE SIGNS: Furnish only (8) 12"" x 23"" vehicle magnetic signs. Reference Eagle sketch 1225-42559-00 for details.","MAGNET","","Acct Closed","","","","","","","","","0.500","0.000","0.500","25.69","0.00","25.69","","","","","","","","","","","","","","","","","","","","","","","2.750","1.500","1.250","141.43","73.40","68.03","","","","","","","","","","","","","","","","","","","","","","","","","","","","","","","","","","","","","","","","","","","","0.250","0.000","0.250","12.86","0.00","12.86","","","","","","","","","","","","","","","","","","","","","","","","","","","","","","","","","","","","","","","","","","","","","","","","","","","","","","","","","","","","3.500","1.500","2.000","179.98","73.40","106.58"
"12654.2","01/24/26","6410","COLLEGIATE PRESBYTERIAN CHURCH","Ames, IA","40339"," Staff time for the procurement of permitting - NOTE: permit cost will be on final invoice","MONDF","","Acct Closed","","","","","","","","","","","","","","","","","","","","","","","","","","","","","","","","","","","","","","","","","","","","","","","","","","","","","","","","","","","","","","","","","","","","","","","","","","","","","","","","","","","","","","","","","","","","","","","","","","","","","","","","","","","","","","","","","","","","","","","","","","","","","","","","","","","","","","","","","","","","","","","","","","","","","","","","","0.000","","","0.00"
"12672.1","01/20/26","6414","CONVERGINT","URBANDALE, IA","33403A"," Furnish new paper pattern - bring back to eagle for layout - and re-install (1) set of Gemini Formed Flat Face Plastic letters, 11"" letters (1"" deep), 8´3"" wide; letters painted white, with custom red paint on I; stud mount on curved wall (14´1"" radius) NOTE: letters were removed by customer and still in good shape per Carrie Stone","GEMINI","","Acct Closed","","","","","","","","","","","","","","","","2.000","2.500","-0.500","102.86","122.34","-19.48","","","","","","","","","","","","","","","","0.000","0.750","-0.750","0.00","40.33","-40.33","","3.250","2.500","0.750","250.87","156.22","94.65","","","","","","","","","","","","","","","","","","","","","","","","","","","","","","","","","","","","","","","","","","","","","","","","","","","","","","","","","","","","","","","","","","","","","","","","","","","","","","","","","","","","","","","","","","","","","","","","","","","","","","5.250","5.750","-0.500","353.73","318.89","34.84"
"SC8550.2","01/06/26","3561","DES MOINES PUBLIC SCHOOLS","",""," Please head back out to the site as the EMC is still having outages in the sign, Please repair to function, and meet with Nagle crew for assistance."," ","","Acct Closed","","","","","","","","","","","","","","","","","","","","","","","","","","","","","","","","","","","","","","","","","","","","0.000","1.500","-1.500","0.00","99.19","-99.19","","0.000","3.000","-3.000","0.00","185.75","-185.75","","","","","","","","","","","","","","","","","","","","","","","","","","","","","","","","","","","","","","","","","","","","","","","","","","","","","","","","","","","","","","","","","","","","","","","","","","","","","","","","","","","","","","","","","","","","","","","0.000","4.500","-4.500","0.00","284.94","-284.94"
"SC8595.1","01/28/26","6429","EARLY BIRD ANKENY","",""," There is an internal sign in the front door that a child jumped up and grabbed the neon and broke it. Please check if the neon is repairable. "," ","","","","","","","","","","","","","","","","","","","","","","","","","","","","","","","","","","","","","","","","","","","","","","0.000","0.750","-0.750","0.00","46.00","-46.00","","0.000","1.250","-1.250","0.00","78.41","-78.41","","","","","","","","","","","","","","","","","","","","","","","","","","","","","","","","","","","","","","","","","","","","","","","","","","","","","","","","","","","","","","","","","","","","","","","","","","","","","","","","","","","","","","","","","","","","","","","0.000","2.000","-2.000","0.00","124.41","-124.41"
"SC8603.1","02/05/26","3582","EVERBRITE LLC","",""," The Pylon sign along IA-21 is not lighting and please check the building sign to ensure it is fully illuminating. Please diagnose the pylon sign for outages and repair on site if possible. If you CAN NOT please survey and report back what materials is needed to repair. Please call Megan at everbrite to let her know when we can be on site- her telephone # is (414)529-7184 Ext # 7184 AND take plenty of photos. "," ","","","","","","","","","","","","","","","","","","","","","","","","","","","","","","","","","","","","","","","","","","","","","","0.000","7.750","-7.750","0.00","501.39","-501.39","","0.000","4.250","-4.250","0.00","271.14","-271.14","","","","","","","","","","","","","","","","","","","","","","","","","","","","","","","","","","","","","","","","","","","","","","","","","","","","","","","","","","","","","","","","","","","","","","","","","","","","","","","","","","","","","","","","","","","","","","","0.000","12.000","-12.000","0.00","772.53","-772.53"
"SC8602.1","02/05/26","2958","EYCHANER PROPERTIES","",""," Robbie called and the Verizon sign(Along Douglas.) has an outage. Please diagnose and repair to function. "," ","","","","","","","","","","","","","","","","","","","","","","","","","","","","","","","","","","","","","","","","","","","","","","0.000","3.250","-3.250","0.00","216.68","-216.68","","0.000","13.500","-13.500","0.00","899.45","-899.45","","","","","","","","","","","","","","","","","","","","","","","","","","","","","","","","","","","","","","","","","","","","","","","","","","","","","","","","","","","","","","","","","","","","","","","","","","","","","","","","","","","","","","","","","","","","","","","0.000","16.750","-16.750","0.00","1116.13","-1116.13"
"SC8609.1","02/07/26","2958","EYCHANER PROPERTIES","",""," Robbie called and said that there is metal hanging off the Greenleaf tobacco and vape sign in the strip. Please resecure. "," ","","Acct Closed","","","","","","","","","","","","","","","","","","","","","","","","","","","","","","","","","","","","","","","","","","","","","","","","","","","0.000","0.500","-0.500","0.00","30.67","-30.67","","","","","","","","","","","","","","","","","","","","","","","","","","","","","","","","","","","","","","","","","","","","","","","","","","","","","","","","","","","","","","","","","","","","","","","","","","","","","","","","","","","","","","","","","","","","","","","0.000","0.500","-0.500","0.00","30.67","-30.67"
"SC8610.1","02/10/26","4043","EYCHANER PROPERTIES","",""," The US Cellular Sign is damaged and falling out of the pylon. Please repair if possible. "," ","","Acct Closed","","","","","","","","","","","","","","","","","","","","","","","","","","","","","","","","","","","","","","","","","","","","0.000","0.750","-0.750","0.00","44.69","-44.69","","0.000","0.500","-0.500","0.00","30.67","-30.67","","","","","","","","","","","","","","","","","","","","","","","","","","","","","","","","","","","","","","","","","","","","","","","","","","","","","","","","","","","","","","","","","","","","","","","","","","","","","","","","","","","","","","","","","","","","","","","0.000","1.250","-1.250","0.00","75.36","-75.36"
"SC8599.1","02/03/26","6025","FEDERAL HEATH SIGN","",""," There is a light out by the dumpster. As well as a light out on the building(these are goodeneck lights.) as well as some border lights out on the front. Diagnose and repair. "," ","","","","","","","","","","","","","","","","","","","","","","","","","","","","","","","","","","","","","","","","","","","","","","0.000","3.250","-3.250","0.00","194.20","-194.20","","0.000","6.750","-6.750","0.00","419.99","-419.99","","","","","","","","","","","","","","","","","","","","","","","","","","","","","","","","","","","","","","","","","","","","","","","","","","","","","","","","","","","","","","","","","","","","","","","","","","","","","","","","","","","","","","","","","","","","","","","0.000","10.000","-10.000","0.00","614.19","-614.19"
"12691.1","01/05/26","6392","FOSTER ORTHODONTICS","",""," Charge customer for additional electrical repair. Renda Electric will be sending an invoice for the repair."," ","","Acct Closed","","","","","","","","","","","","","","","","","","","","","","","","","","","","","","","","","","","","","","","","","","","","","","","","","","","","","","","","","","","","","","","","","","","","","","","","","","","","","","","","","","","","","","","","","","","","","","","","","","","","","","","","","","","","","","","","","","","","","","","","","","","","","","","","","","","","","","","","","","","","","","","","","","","","","","","","","0.000","","","0.00"
"12699.1","02/10/26","6408","GATOR SIGNS","CLIVE, IA","40600"," Take rubbing of existing channel letters. Cut and trimcap new faces for channel letters. Install new faces.","CLLIT","","Acct Closed","","","","","","","","","1.000","0.000","1.000","51.43","0.00","51.43","","7.000","9.250","-2.250","360.01","462.44","-102.43","","","","","","","","","","","","","","","","","","","","","","","9.000","5.250","3.750","682.17","350.42","331.75","","","","","","","","","","","","","","","","","","","","","","","","","","","","","","","","","","","","","","","","","","","","","","","","","","","","","","","","","","","","","","","","","","","","","","","","","","","","","","","","","","","","","","","","","","","","","","","","","","","","","","17.000","14.500","2.500","1093.61","812.86","280.75"
"SC8581.1","01/15/26","5553","GRACE CHURCH","",""," Please head to the site and check the watchfire EMC, The sign keeps ""Dropping"" out the churches content and then has to be reset : please diagnose and repair. She Spoke with Rich about details of the issues."," ","","","","","","","","","","","","","","","","","","","","","","","","","","","","","","","","","","","","","","","","","","","","","","0.000","2.000","-2.000","0.00","129.87","-129.87","","0.000","4.500","-4.500","0.00","281.24","-281.24","","","","","","","","","","","","","","","","","","","","","","","","","","","","","","","","","","","","","","","","","","","","","","","","","","","","","","","","","","","","","","","","","","","","","","","","","","","","","","","","","","","","","","","","","","","","","","","0.000","6.500","-6.500","0.00","411.11","-411.11"
"SC8592.1","01/27/26","5905","HERITAGE BUILDING MAINTENANCE","",""," The monument sign has some outages. Please diagnose and repair. "," ","","Acct Closed","","","","","","","","","","","","","","","","","","","","","","","","","","","","","","","","","","","","","","","","","","","","0.000","1.000","-1.000","0.00","61.34","-61.34","","0.000","1.500","-1.500","0.00","92.00","-92.00","","","","","","","","","","","","","","","","","","","","","","","","","","","","","","","","","","","","","","","","","","","","","","","","","","","","","","","","","","","","","","","","","","","","","","","","","","","","","","","","","","","","","","","","","","","","","","","0.000","2.500","-2.500","0.00","153.34","-153.34"
"SC8601.1","02/05/26","6343","HOLIDAY INN","",""," The back parking lot has an outage that trips the breaker: the light is 20ft in the air. Please diagnose and repair"," ","","Acct Closed","","","","","","","","","","","","","","","","","","","","","","","","","","","","","","","","","","","","","","","","","","","","0.000","0.750","-0.750","0.00","44.68","-44.68","","0.000","1.500","-1.500","0.00","92.00","-92.00","","","","","","","","","","","","","","","","","","","","","","","","","","","","","","","","","","","","","","","","","","","","","","","","","","","","","","","","","","","","","","","","","","","","","","","","","","","","","","","","","","","","","","","","","","","","","","","0.000","2.250","-2.250","0.00","136.68","-136.68"
"12710.1","01/30/26","6013","HUBER GRADING INC.","ELKHART, IA","40614"," PRINTED VEHICLE DECAL: Furnish and deliver (15) 3.8""H x 18""W opaque digitally printed vehicle decal with UV laminate protectant. ","PRNGRA","","Acct Closed","","","","","","","","","0.100","0.250","-0.150","5.14","12.34","-7.20","","","","","","","","","","","","","","","","","","","","","","","0.200","0.500","-0.300","10.28","24.48","-14.20","","","","","","","","","","","","","","","","","","","","","","","","","","","","","","","","","","","","","","","","","","","","","","","","","","","","","","","","","","","","","","","","","","","","","","","","","","","","","","","","","","","","","","","","","","","","","","","","","","","","","","","","","","","","","0.300","0.750","-0.450","15.42","36.82","-21.40"
"12710.2","01/30/26","6013","HUBER GRADING INC.","ELKHART, IA","40615"," PRINTED VEHICLE DECAL: Furnish and deliver (10) 4.5""H x 16""W opaque digitally printed vehicle decal with UV laminate protectant. ","PRNGRA","","Acct Closed","","","","","","","","","0.100","0.500","-0.400","5.14","27.95","-22.81","","","","","","","","","","","","","","","","","","","","","","","0.200","0.750","-0.550","10.28","36.71","-26.43","","","","","","","","","","","","","","","","","","","","","","","","","","","","","","","","","","","","","","","","","","","","","","","","","","","","","","","","","","","","","","","","","","","","","","","","","","","","","","","","","","","","","","","","","","","","","","","","","","","","","","","","","","","","","0.300","1.250","-0.950","15.42","64.66","-49.24"
"12713.1","02/09/26","6417","INFINITY NEUROMOTOR DEVELOPMENT CENTER","Johnston, IA","40576"," Fabricate and Install Halo-Illuminated aluminum channel letter of the hexagon logo on the wall behind the reception desk between the two doorways","CLLIT","","","","","","","","","","","0.500","0.750","-0.250","25.69","37.03","-11.34","","1.000","0.000","1.000","51.43","0.00","51.43","","","","","","","","","","","","","","","","","","","","","","","9.000","0.000","9.000","1046.88","0.00","1046.88","","","","","","","","","","","","","","","","","","","","","","","","","","","","","","","","","","","","","","","","","","","","","","","","","","","","","","","","","","","","","","","","","","","","","","","","","","","","","","","","","","","","","","","","","","","","","","","","","","","","","","10.500","0.750","9.750","1124.00","37.03","1086.97"
"12713.2","02/09/26","6417","INFINITY NEUROMOTOR DEVELOPMENT CENTER","Johnston, IA","40583"," Fabricate and Install: Hexagon Logo on a bracket that is easily removable to switch to a different location with the same bracket already installed - Logo will have raised lettering and braille that identifies rooms: ""Women's Restroom"" (x1)","ADA","","","","","","","","","","","0.030","0.250","-0.220","1.54","12.34","-10.80","","0.015","0.000","0.015","0.77","0.00","0.77","","","","","","","","","","","","","","","","","","","","","","","0.295","0.000","0.295","22.86","0.00","22.86","","","","","","","","","","","","","","","","","","","","","","","","","","","","","","","","","","","","","","","","","","","","","","","","","","","","","","","","","","","","","","","","","","","","","","","","","","","","","","","","","","","","","","","","","","","","","","","","","","","","","","0.340","0.250","0.090","25.17","12.34","12.83"
"12713.3","02/09/26","6417","INFINITY NEUROMOTOR DEVELOPMENT CENTER","Johnston, IA","40584"," Fabricate and Install: Hexagon Logo on a bracket that is easily removable to switch to a different location with the same bracket already installed - Logo will have raised lettering and braille that identifies rooms: ""Men's Restroom"" (x1)","ADA","","","","","","","","","","","0.030","0.750","-0.720","1.54","37.03","-35.49","","0.015","0.000","0.015","0.77","0.00","0.77","","","","","","","","","","","","","","","","","","","","","","","0.295","0.000","0.295","22.86","0.00","22.86","","","","","","","","","","","","","","","","","","","","","","","","","","","","","","","","","","","","","","","","","","","","","","","","","","","","","","","","","","","","","","","","","","","","","","","","","","","","","","","","","","","","","","","","","","","","","","","","","","","","","","0.340","0.750","-0.410","25.17","37.03","-11.86"
"12713.4","02/09/26","6417","INFINITY NEUROMOTOR DEVELOPMENT CENTER","Johnston, IA","40598"," Fabricate and Install: Hexagon Logo on a bracket that is easily removable to switch to a different location with the same bracket already installed - Logo will have raised lettering and braille that identifies rooms: ""Electrical Room"" (x1)","ADA","","","","","","","","","","","0.030","0.250","-0.220","1.54","12.34","-10.80","","0.015","0.000","0.015","0.77","0.00","0.77","","","","","","","","","","","","","","","","","","","","","","","0.295","0.000","0.295","22.86","0.00","22.86","","","","","","","","","","","","","","","","","","","","","","","","","","","","","","","","","","","","","","","","","","","","","","","","","","","","","","","","","","","","","","","","","","","","","","","","","","","","","","","","","","","","","","","","","","","","","","","","","","","","","","0.340","0.250","0.090","25.17","12.34","12.83"
"12713.5","02/09/26","6417","INFINITY NEUROMOTOR DEVELOPMENT CENTER","Johnston, IA","40599"," Fabricate and Install: Hexagon Logo on a bracket that is easily removable to switch to a different location with the same bracket already installed - Logo will have raised lettering and braille that identifies rooms: ""Fire & Sprinkler Room"" (x1)","ADA","","","","","","","","","","","0.030","0.250","-0.220","1.54","12.34","-10.80","","0.015","0.000","0.015","0.77","0.00","0.77","","","","","","","","","","","","","","","","","","","","","","","0.295","0.000","0.295","22.86","0.00","22.86","","","","","","","","","","","","","","","","","","","","","","","","","","","","","","","","","","","","","","","","","","","","","","","","","","","","","","","","","","","","","","","","","","","","","","","","","","","","","","","","","","","","","","","","","","","","","","","","","","","","","","0.340","0.250","0.090","25.17","12.34","12.83"
"12713.6","02/09/26","6417","INFINITY NEUROMOTOR DEVELOPMENT CENTER","Johnston, IA","40606"," Fabricate and Install: Hexagon Logo on a bracket that is easily removable to switch to a different location with the same bracket already installed - Logo will have raised lettering and braille that identifies rooms: ""Data"" (x1)","ADA","","","","","","","","","","","0.030","0.250","-0.220","1.54","12.34","-10.80","","0.015","0.000","0.015","0.77","0.00","0.77","","","","","","","","","","","","","","","","","","","","","","","0.295","0.000","0.295","22.86","0.00","22.86","","","","","","","","","","","","","","","","","","","","","","","","","","","","","","","","","","","","","","","","","","","","","","","","","","","","","","","","","","","","","","","","","","","","","","","","","","","","","","","","","","","","","","","","","","","","","","","","","","","","","","0.340","0.250","0.090","25.17","12.34","12.83"
"SC8607.1","02/06/26","2788","JEANNIE'S BOTTLE","",""," The sign on the inside of the building(by the pool tables) has an outage: please check the ballasts and the outages(She removed one of the ballasts from the sign due to being concerned that the building was on fire.) diagnose and repair to function. They open at 3pm M-F(but they have staff on site at 1:30PM.) Please call (515)710-0399 and Jo said we can text her or call her to let her know scheduling please."," ","","Acct Closed","","","","","","","","","","","","","","","","","","","","","","","","","","","","","","","","","","","","","","","","","","","","0.000","1.250","-1.250","0.00","83.86","-83.86","","0.000","2.250","-2.250","0.00","153.72","-153.72","","","","","","","","","","","","","","","","","","","","","","","","","","","","","","","","","","","","","","","","","","","","","","","","","","","","","","","","","","","","","","","","","","","","","","","","","","","","","","","","","","","","","","","","","","","","","","","0.000","3.500","-3.500","0.00","237.58","-237.58"
"SC8570.1","01/01/26","6418","JOE FRANZ","",""," Joe dropped off a neon sign on 12"," ","","Acct Closed","","","","","","","","","","","","","","","","0.000","0.250","-0.250","0.00","12.24","-12.24","","","","","","","","","","","","","","","","","","","","","","","","","","","","","","","","","","","","","","","","","","","","","","","","","","","","","","","","","","","","","","","","","","","","","","","","","","","","","","","","","","","","","","","","","","","","","","","","","","","","","","","","","","","","","","","","","","","","","","","","","","","","","","","","","","0.000","0.250","-0.250","0.00","12.24","-12.24"
"12723.2","01/29/26","6420","JOHN DEERE","",""," Site survey(the price includes service for the middle flag pole.)"," ","","","","","","","","","","","","","","","","","","","","","","","","","","","","","","","","","","","","","","","","","","","","","","","","","","","","","","","","","","","","","","","","","","","","","","","","","","","","","","","","","","","","","","","","","","","","","","","","","","","","","","","","","","","","","","","","","","","","","","","","","","","","","","","","","","","","","","","","","","","","","","","","","","","","","","","","","","","0.000","","","0.00"
"SC8575.1","01/06/26","6420","JOHN DEERE","",""," Middle Flag Pole - US Flag - Cable is broken they think. Iowa Flag Pole - one of the hooks used to hold flag on is broken. See what is wrong so that we can quote repairs. Contact is Jose. Phone #515-391-9805. Email sarmientojosel@johndeere.com"," ","","Acct Closed","","","","","","","","","","","","","","","","","","","","","","","","","","","","","","","","","","","","","","","","","","","","0.000","3.750","-3.750","0.00","228.67","-228.67","","0.000","1.250","-1.250","0.00","76.67","-76.67","","","","","","","","","","","","","","","","","","","","","","","","","","","","","","","","","","","","","","","","","","","","","","","","","","","","","","","","","","","","","","","","","","","","","","","","","","","","","","","","","","","","","","","","","","","","","","","0.000","5.000","-5.000","0.00","305.34","-305.34"
"12731.1","02/05/26","6228","LIGHTBRITE COFFEE ROASTERS","GRIMES, IA","40661"," REPLACEMENT FACE: Furnish and install new 15.18""H x 137.42"" white polycarbonate face with a 3M standard blue reverse cut vinyl and 2"" black trim cap. ","ALULIT","","","","","","","","","","","0.500","0.000","0.500","25.69","0.00","25.69","","3.000","2.500","0.500","154.30","124.11","30.19","","","","","","","","","","","","","","","","2.500","3.500","-1.000","128.58","177.90","-49.32","","2.000","0.000","2.000","149.55","0.00","149.55","","","","","","","","","","","","","","","","","","","","","","","","","","","","","","","","","","","","","","","","","","","","","","","","","","","","","","","","","","","","","","","","","","","","","","","","","","","","","","","","","","","","","","","","","","","","","","","","","","","","","","8.000","6.000","2.000","458.12","302.01","156.11"
"SC8586.1","01/23/26","6228","LIGHTBRITE COFFEE ROASTERS","",""," The sign fell off the building again due to wind damage. Please repair. "," ","","","","","","","","","","","","","","","","","","","","","","","","","","","","","","","","","","","","","","","","","","","","","","0.000","1.750","-1.750","0.00","125.82","-125.82","","0.000","1.250","-1.250","0.00","88.77","-88.77","","","","","","","","","","","","","","","","","","","","","","","","","","","","","","","","","","","","","","","","","","","","","","","","","","","","","","","","","","","","","","","","","","","","","","","","","","","","","","","","","","","","","","","","","","","","","","","0.000","3.000","-3.000","0.00","214.59","-214.59"
"12704.1","01/30/26","4254","LOF-XPRESS OIL CHANGE","AMES, IA","40596"," REPLACEMENT FACE: Fabricate and install new replacement face for illuminated cloud building sign cabinet. White acrylic face with 3M 3630-156 Vivid Green film and white trim cap. Reference Eagle sketch 0126-40596-00. NOTE: THIS PRICE INCLUDES THE TRIP TO AMES FOR THE SIGN RUBBING.","BLDILL","","Acct Closed","","","","","","","","","1.000","0.000","1.000","51.37","0.00","51.37","","5.000","7.750","-2.750","257.15","388.99","-131.84","","","","","","","","","","","","","","","","4.000","1.250","2.750","205.72","64.55","141.17","","10.500","5.750","4.750","932.80","385.46","547.34","","","","","","","","","","","","","","","","","","","","","","","","","","","","","","","","","","","","","","","","","","","","","","","","","","","","","","","","","","","","","","","","","","","","","","","","","","","","","","","","","","","","","","","","","","","","","","","","","","","","","","20.500","14.750","5.750","1447.04","839.00","608.04"
"12714.1","01/20/26","6104","LUMINEO SIGNS.","West Des Moines, IA","40617"," Receive, inspect and install 3","GEMINI","","Mfg Closed","","","","","","","","","","","","","","","","1.000","0.000","1.000","51.43","0.00","51.43","","","","","","","","","","","","","","","","","","","","","","","7.500","2.500","5.000","577.95","165.83","412.12","","","","","","","","","","","","","","","","","","","","","","","","","","","","","","","","","","","","","","","","","","","","","","","","","","","","","","","","","","","","","","","","","","","","","","","","","","","","","","","","","","","","","","","","","","","","","","","","","","","","","","8.500","2.500","6.000","629.38","165.83","463.55"
"12714.2","01/20/26","6104","LUMINEO SIGNS.","West Des Moines, IA","40618"," Remove and dispose existing vinyl from glass door - Receive, inspect and install 1st surface vinyl ","VINYL","","Mfg Closed","","","","","","","","","","","","","","","","0.250","0.000","0.250","12.86","0.00","12.86","","","","","","","","","","","","","","","","","","","","","","","2.750","1.750","1.000","211.43","133.99","77.44","","","","","","","","","","","","","","","","","","","","","","","","","","","","","","","","","","","","","","","","","","","","","","","","","","","","","","","","","","","","","","","","","","","","","","","","","","","","","","","","","","","","","","","","","","","","","","","","","","","","","","3.000","1.750","1.250","224.29","133.99","90.30"
"12662.1","01/23/26","6411","MID-IOWA INSURANCE & REAL ESTATE","CARROLL, IA","39529"," WATCHFIRE 8MM EMC: Remove and properly dispose of current manual reader board cabinet. Furnish and install to existing poles a double sided Watchfire 8mm RBG (full color) electronic message center. EMC measures 4´-5""H x 8´-3""W with an active viewing area that measures 4´H x 8´W. Includes Ignite OPx (cloud based) operating software, web based software training with a Watchfire representative, 4G wireless communications with Watchfire cellular life-of-sign data plan, and a 5 year parts and labor warranty. NOTE: THIS SIGN WILL REQUIRE (2) DEDICATED 120V CIRCUITS WITH 30 AMP BREAKERS. POWER TO SIGN BY OTHERS.  ","POLLIT","","Acct Closed","","","","","","","","","1.000","0.000","1.000","51.37","0.00","51.37","","5.000","3.000","2.000","257.15","140.79","116.36","","","","","","","","","4.000","6.500","-2.500","205.72","288.80","-83.08","","","","","","","","","35.000","64.000","-29.000","2673.10","4473.59","-1800.49","","24.000","0.000","24.000","1759.92","0.00","1759.92","","","","","","","","","","","","","","","","","","","","","","","","","","","","","","1.000","0.000","1.000","51.43","0.00","51.43","","","","","","","","","","","","","","","","","","","","","","","","","","","","","","","","","","","","","","","","","","","","","","","","","","","","","","","","","","","","70.000","73.500","-3.500","4998.69","4903.18","95.51"
"12662.2","01/23/26","6411","MID-IOWA INSURANCE & REAL ESTATE","CARROLL, IA","39532"," PERMITTING: Staff time for permit. NOTE: PERMIT FEE WILL BE LISTED SEPARATELY AT COST ON THE FINAL INVOCIE.","POLLIT","","Acct Closed","","","","","","","","","","","","","","","","","","","","","","","","","","","","","","","","","","","","","","","","","","","","","","","","","","","","","","","","","","","","","","","","","","","","","","","","","","","","","","","","","","","","","","","","","","","","","","","","","","","","","","","","","","","","","","","","","","","","","","","","","","","","","","","","","","","","","","","","","","","","","","","","","","","","","","","","","0.000","","","0.00"
"SC8598.1","01/31/26","5562","MOM'S MEALS","",""," Pick up sign that fell off West Monument"," ","","Acct Closed","","","","","","","","","","","","","","","","","","","","","","","","","","","","","","","","","","","","","","","","","","","","0.000","1.250","-1.250","0.00","99.00","-99.00","","","","","","","","","","","","","","","","","","","","","","","","","","","","","","","","","","","","","","","","","","","","","","","","","","","","","","","","","","","","","","","","","","","","","","","","","","","","","","","","","","","","","","","","","","","","","","","","","","","","","","0.000","1.250","-1.250","0.00","99.00","-99.00"
"SC8573.1","01/06/26","77950","NAGLE SIGNS, INC.","",""," Meet at Dairy Queen around 8 am to help service the pole sign."," ","","Acct Closed","","","","","","","","","","","","","","","","","","","","","","","","","","","","","","","","","","","","","","","","","","","","0.000","1.500","-1.500","0.00","90.68","-90.68","","0.000","1.500","-1.500","0.00","92.00","-92.00","","","","","","","","","","","","","","","","","","","","","","","","","","","","","","","","","","","","","","","","","","","","","","","","","","","","","","","","","","","","","","","","","","","","","","","","","","","","","","","","","","","","","","","","","","","","","","","0.000","3.000","-3.000","0.00","182.68","-182.68"
"SC8574.1","01/06/26","77950","NAGLE SIGNS, INC.","",""," Meet with a Nagle tech to service the HOB LED letters on the store front."," ","","Acct Closed","","","","","","","","","","","","","","","","","","","","","","","","","","","","","","","","","","","","","","","","","","","","0.000","0.250","-0.250","0.00","15.34","-15.34","","0.000","1.000","-1.000","0.00","61.33","-61.33","","","","","","","","","","","","","","","","","","","","","","","","","","","","","","","","","","","","","","","","","","","","","","","","","","","","","","","","","","","","","","","","","","","","","","","","","","","","","","","","","","","","","","","","","","","","","","","0.000","1.250","-1.250","0.00","76.67","-76.67"
"SC8576.1","01/07/26","77950","NAGLE SIGNS, INC.","",""," Please meet with Ben to help reinstall the clock motor into the large building mounted clock above the roof level. Nagle po # 49920. "," ","","Acct Closed","","","","","","","","","","","","","","","","","","","","","","","","","","","","","","","","","","","","","","","","","","","","0.000","2.750","-2.750","0.00","172.26","-172.26","","0.000","0.500","-0.500","0.00","30.67","-30.67","","","","","","","","","","","","","","","","","","","","","","","","","","","","","","","","","","","","","","","","","","","","","","","","","","","","","","","","","","","","","","","","","","","","","","","","","","","","","","","","","","","","","","","","","","","","","","","0.000","3.250","-3.250","0.00","202.93","-202.93"
"SC8600.1","02/04/26","77950","NAGLE SIGNS, INC.","",""," Please meet with Nagle Techs at 8:30AM on Thursday the 5th with the tall basket truck to reach the McDonalds Arches of the pole sign. (1 man and a truck)"," ","","Acct Closed","","","","","","","","","","","","","","","","","","","","","","","","","","","","","","","","","","","","","","","","","","","","0.000","2.750","-2.750","0.00","196.25","-196.25","","0.000","2.000","-2.000","0.00","131.40","-131.40","","","","","","","","","","","","","","","","","","","","","","","","","","","","","","","","","","","","","","","","","","","","","","","","","","","","","","","","","","","","","","","","","","","","","","","","","","","","","","","","","","","","","","","","","","","","","","","0.000","4.750","-4.750","0.00","327.65","-327.65"
"12736.1","02/13/26","3798","PACIFIC NEON","West Des Moines, IA","40682"," Trip 1: Remove one (1) “NOW OPEN” banner and install one (1) “GRAND OPENING” banner on Friday, 2","BANPRN","","","","","","","","","","","","","","","","","","0.500","0.000","0.500","25.72","0.00","25.72","","","","","","","","","","","","","","","","","","","","","","","3.050","0.000","3.050","391.55","0.00","391.55","","","","","","","","","","","","","","","","","","","","","","","","","","","","","","","","","","","","","","","","","","","","","","","","","","","","","","","","","","","","","","","","","","","","","","","","","","","","","","","","","","","","","","","","","","","","","","","","","","","","","","3.550","0.000","3.550","417.27","0.00","417.27"
"SC8513.2","01/16/26","3010","PATTISONID","INDIANOLA, IA","40573"," 25' PYLON LED RETRO FIT UPGRADE: Convert current fluorescent lamp illumination with LED's. Remove and properly dispose of lamps and ballast. Furnish and install (20) HPEB-SL2S48, (2) SPED-SL-Cable, (1) HPEB-SP10KV. NOTE: THIS PRICE INCLUDES THE FIRST TRIP.","LED","","Acct Closed","","","","","","","","","","","","","","","","","","","","","","","","","","","","","","","","","","","","","","","","","","","","13.500","3.000","10.500","1004.16","180.01","824.15","","0.000","3.250","-3.250","0.00","199.33","-199.33","","","","","","","","","","","","","","","","","","","","","","","","","","","","","","","","","","","","","","","","","","","","","","","","","","","","","","","","","","","","","","","","","","","","","","","","","","","","","","","","","","","","","","","","","","","","","","","13.500","6.250","7.250","1004.16","379.34","624.82"
"12728.1","02/13/26","5258","PATTISONID","West Des Moines, IA","39880"," Signs A, B & C: Remove and Dispose existing channel letter sets - repair brick fascia","CLLIT","","","","","","","","","","","","","","","","","","","","","","","","","","","","","","","","","","","","","","","","","","","","","","30.000","0.000","30.000","3043.76","0.00","3043.76","","","","","","","","","","","","","","","","","","","","","","","","","","","","","","","","","","","","","","","","","","","","","","","","","","","","","","","","","","","","","","","","","","","","","","","","","","","","","","","","","","","","","","","","","","","","","","","","","","","","","","30.000","0.000","30.000","3043.76","0.00","3043.76"
"12728.2","02/13/26","5258","PATTISONID","West Des Moines, IA","39883"," Sign D OPT: Remove existing flex faces from DF monument and bring back to shop for 2 weeks prior to discarding - Repaint existing reveal cladding and kick plate per standards (paint provided by eagle - paint color provided by Pattison ID) - Receive, Inspect and install new flex faces for DF monument sign - Furnish and Install LED retrofit","MONDF","","","","","","","","","","","","","","","","","","4.000","0.000","4.000","205.72","0.00","205.72","","3.000","0.000","3.000","154.29","0.00","154.29","","10.000","0.000","10.000","514.30","0.00","514.30","","","","","","","","","20.500","0.000","20.500","1876.43","0.00","1876.43","","","","","","","","","","","","","","","","","","","","","","","","","","","","","","","","","","","","","","","","","","","","","","","","","","","","","","","","","","","","","","","","","","","","","","","","","","","","","","","","","","","","","","","","","","","","","","","","","","","","","","37.500","0.000","37.500","2750.74","0.00","2750.74"
"12728.3","02/13/26","5258","PATTISONID","West Des Moines, IA","39885"," Sign E OPT: Remove existing flex faces from DF monument and bring back to shop for 2 weeks prior to discarding - Repaint existing reveal cladding and kick plate per standards (paint provided by eagle - paint color provided by Pattison ID) - Receive, Inspect and install new flex faces for DF monument sign - Furnish and Install LED retrofit","MONDF","","","","","","","","","","","","","","","","","","3.000","0.000","3.000","154.29","0.00","154.29","","4.000","0.000","4.000","205.72","0.00","205.72","","9.000","0.000","9.000","462.87","0.00","462.87","","","","","","","","","17.500","0.000","17.500","1561.26","0.00","1561.26","","","","","","","","","","","","","","","","","","","","","","","","","","","","","","","","","","","","","","","","","","","","","","","","","","","","","","","","","","","","","","","","","","","","","","","","","","","","","","","","","","","","","","","","","","","","","","","","","","","","","","33.500","0.000","33.500","2384.14","0.00","2384.14"
"12728.4","02/13/26","5258","PATTISONID","West Des Moines, IA","39887"," Sign F OPT: Remove existing flex faces from DF directional and bring back to shop for 2 weeks prior to discarding - Repaint existing reveal cladding and kick plate per standards (paint provided by eagle - paint color provided by Pattison ID) - Receive, Inspect and install new flex faces for DF directional sign - Furnish and Install LED retrofit","MONDF","","","","","","","","","","","","","","","","","","2.500","0.000","2.500","128.58","0.00","128.58","","4.000","0.000","4.000","205.72","0.00","205.72","","6.000","0.000","6.000","308.58","0.00","308.58","","","","","","","","","15.500","0.000","15.500","1403.50","0.00","1403.50","","","","","","","","","","","","","","","","","","","","","","","","","","","","","","","","","","","","","","","","","","","","","","","","","","","","","","","","","","","","","","","","","","","","","","","","","","","","","","","","","","","","","","","","","","","","","","","","","","","","","","28.000","0.000","28.000","2046.38","0.00","2046.38"
"12728.5","02/13/26","5258","PATTISONID","West Des Moines, IA","39987"," Signs A, B & C: Receive, Inspect and Install LED Illuminated channel letters and logo - remote mount - Overall Dimensions: 3' H x 11' 0 11","CLLIT","","","","","","","","","","","","","","","","","","3.000","0.000","3.000","154.29","0.00","154.29","","","","","","","","","","","","","","","","","","","","","","","58.500","0.000","58.500","6880.13","0.00","6880.13","","","","","","","","","","","","","","","","","","","","","","","","","","","","","","","","","","","","","","","","","","","","","","","","","","","","","","","","","","","","","","","","","","","","","","","","","","","","","","","","","","","","","","","","","","","","","","","","","","","","","","61.500","0.000","61.500","7034.42","0.00","7034.42"
"12688.1","01/06/26","6043","PEDDICORD LILLIS","West Des Moines, IA","40539"," INTERIOR NAME PLATE: Furnish and deliver (1) new office nameplate for existing nameplate holder. Reference Eagle sketch 1225-40539-00 for details.","ADA","","Acct Closed","","","","","","","","","0.160","0.000","0.160","8.22","0.00","8.22","","","","","","","","","","","","","","","","","","","","","","","","","","","","","","0.160","0.000","0.160","11.73","0.00","11.73","","","","","","","","","","","","","","","","","","","","","","","","","","","","","","","","","","","","","","","","","","","","","","","","","","","","","","","","","","","","","","","","","","","","","","","","","","","","","","","","","","","","","","","","","","","","","","","","","","","","","","0.320","0.000","0.320","19.95","0.00","19.95"
"12718.1","01/23/26","5710","PENTA PARTNERS LLC","WEST DES MOINES, IA","40638"," JOBSITE SIGN PANEL: Furnish only (1) single sided 4x8 6mm white ACM sign panel with standard two color vinyl graphics.","JOBVIN","","Acct Closed","","","","","","","","","0.500","0.500","0.000","25.69","24.69","1.00","","0.250","0.000","0.250","12.86","0.00","12.86","","","","","","","","","","","","","","","","1.000","1.500","-0.500","51.43","73.41","-21.98","","1.000","0.000","1.000","70.67","0.00","70.67","","","","","","","","","","","","","","","","","","","","","","","","","","","","","","","","","","","","","","","","","","","","","","","","","","","","","","","","","","","","","","","","","","","","","","","","","","","","","","","","","","","","","","","","","","","","","","","","","","","","","","2.750","2.000","0.750","160.65","98.10","62.55"
"12725.1","01/30/26","5891","R&R REALTY GROUP","WEST DES MOINES, IA","40608"," LED RETRO FIT UPGRADE: Convert current fluorescent lamp illumination with new LED's in (2) single face Burger King pylon sign cabinets. Remove and properly dispose of (14) lamps and (2) ballasts. Furnish and install new LED light bars and power supplies: Qty 14 - HPEB-SL2S84 Streamliner, Qty 2-HPEB-SP10KV Surge Protector, Qty 2-SPED-SL-Cable. ","LED","","","","","","","","","","","","","","","","","","","","","","","","","","","","","","","","","","","","","","","","","","","","","","6.000","0.000","6.000","456.85","0.00","456.85","","","","","","","","","","","","","","","","","","","","","","","","","","","","","","","","","","","","","","","","","","","","","","","","","","","","","","","","","","","","","","","","","","","","","","","","","","","","","","","","","","","","","","","","","","","","","","","","","","","","","","6.000","0.000","6.000","456.85","0.00","456.85"
"SC8571.1","01/01/26","5891","R&R REALTY GROUP","",""," Survey the Burger King cabinets in double sided monument sign structure for LED Retro Fit Upgrade. We need this information so we can quote the LED Upgrade to R&R Realty. Customer contact is Nick Nieuwenhuis 515-707-6628. "," ","","Acct Closed","","","","","","","","","","","","","","","","","","","","","","","","","","","","","","","","","","","","","","","","","","","","0.000","0.750","-0.750","0.00","44.69","-44.69","","0.000","0.500","-0.500","0.00","30.67","-30.67","","","","","","","","","","","","","","","","","","","","","","","","","","","","","","","","","","","","","","","","","","","","","","","","","","","","","","","","","","","","","","","","","","","","","","","","","","","","","","","","","","","","","","","","","","","","","","","0.000","1.250","-1.250","0.00","75.36","-75.36"
"12676.2","01/05/26","6037","RUGGLES SIGN","",""," Please head to the site(Coordinate the repair"," ","","Acct Closed","","","","","","","","","","","","","","","","0.000","0.500","-0.500","0.00","22.22","-22.22","","","","","","","","","0.000","7.250","-7.250","0.00","328.64","-328.64","","","","","","","","","0.000","3.750","-3.750","0.00","260.88","-260.88","","","","","","","","","","","","","","","","","","","","","","","","","","","","","","","","","","","","","","","","","","","","","","","","","","","","","","","","","","","","","","","","","","","","","","","","","","","","","","","","","","","","","","","","","","","","","","","","","","","","","","0.000","11.500","-11.500","0.00","611.74","-611.74"
"SC8584.1","01/22/26","6037","RUGGLES SIGN","",""," This is an emergency: The Kay's sign is loose due to the winds and could fall on someone. Please head to the site and repair asap!"," ","","Acct Closed","","","","","","","","","","","","","","","","","","","","","","","","","","","","","","","","","","","","","","","","","","","","0.000","1.000","-1.000","0.00","61.33","-61.33","","0.000","3.750","-3.750","0.00","257.95","-257.95","","","","","","","","","","","","","","","","","","","","","","","","","","","","","","","","","","","","","","","","","","","","","","","","","","","","","","","","","","","","","","","","","","","","","","","","","","","","","","","","","","","","","","","","","","","","","","","0.000","4.750","-4.750","0.00","319.28","-319.28"
"12692.2","01/23/26","4708","SCHEELS ALL SPORTS","",""," Fabricate and install replacement face for the letter ""E""."," ","","Acct Closed","","","","","","","","","","","","","","","","0.000","4.500","-4.500","0.00","220.22","-220.22","","","","","","","","","","","","","","","","","","","","","","","0.000","3.500","-3.500","0.00","231.86","-231.86","","","","","","","","","","","","","","","","","","","","","","","","","","","","","","","","","","","","","","","","","","","","","","","","","","","","","","","","","","","","","","","","","","","","","","","","","","","","","","","","","","","","","","","","","","","","","","","","","","","","","","0.000","8.000","-8.000","0.00","452.08","-452.08"
"SC8604.1","02/05/26","3807","SHOTGUN BETTY'S COUNTRY ROCK BAR","",""," Customer is reporting the copy ´Betty´s´ is very dim on the north elevation. Please send service to trouble shoot and repair. The bar does not open until 3pm. Customer contact is Stef Smith 515-451-7042."," ","","Mfg Closed","","","","","","","","","","","","","","","","","","","","","","","","","","","","","","","","","","","","","","","","","","","","0.000","0.500","-0.500","0.00","30.67","-30.67","","0.000","1.000","-1.000","0.00","61.33","-61.33","","","","","","","","","","","","","","","","","","","","","","","","","","","","","","","","","","","","","","","","","","","","","","","","","","","","","","","","","","","","","","","","","","","","","","","","","","","","","","","","","","","","","","","","","","","","","","","0.000","1.500","-1.500","0.00","92.00","-92.00"
"SC8611.1","02/11/26","3807","SHOTGUN BETTY'S COUNTRY ROCK BAR","",""," The interior neon has an outage, Please go to the site and diagnose and repair. Please call Jeremy at(515)238-1008: he is there at 2:30 each day.(He is management.) "," ","","","","","","","","","","","","","","","","","","","","","","","","","","","","","","","","","","","","","","","","","","","","","","0.000","0.500","-0.500","0.00","37.86","-37.86","","0.000","0.750","-0.750","0.00","51.24","-51.24","","","","","","","","","","","","","","","","","","","","","","","","","","","","","","","","","","","","","","","","","","","","","","","","","","","","","","","","","","","","","","","","","","","","","","","","","","","","","","","","","","","","","","","","","","","","","","","0.000","1.250","-1.250","0.00","89.10","-89.10"
"SC8577.1","01/08/26","5680","SIGN MANAGER","",""," Please send service to repair the cracked menu board."," ","","Acct Closed","","","","","","","","","","","","","","","","0.000","0.500","-0.500","0.00","23.47","-23.47","","","","","","","","","","","","","","","","0.000","3.000","-3.000","0.00","153.58","-153.58","","0.000","3.500","-3.500","0.00","250.50","-250.50","","0.000","4.000","-4.000","0.00","272.78","-272.78","","","","","","","","","","","","","","","","","","","","","","","","","","","","","","","","","","","","","","","","","","","","","","","","","","","","","","","","","","","","","","","","","","","","","","","","","","","","","","","","","","","","","","","","","","","","","","","0.000","11.000","-11.000","0.00","700.33","-700.33"
"SC8608.1","02/06/26","4018","SIGNTECH ELECTRICAL ADVERTISING, INC.","",""," This is an emergency service call: Please head to the site imminently and repair the hanging Wells Fargo sign near the parking lot: it is a safety concern for both employees and customers.  "," ","","Acct Closed","","","","","","","","","","","","","","","","","","","","","","","","","","","","","","","","","","","","","","","","","","","","0.000","2.250","-2.250","0.00","136.67","-136.67","","0.000","0.750","-0.750","0.00","46.00","-46.00","","","","","","","","","","","","","","","","","","","","","","","","","","","","","","","","","","","","","","","","","","","","","","","","","","","","","","","","","","","","","","","","","","","","","","","","","","","","","","","","","","","","","","","","","","","","","","","0.000","3.000","-3.000","0.00","182.67","-182.67"
"SC8613.1","02/13/26","6390","SILICON SIGNS(BILLING)","",""," please head to the site and clean around the sign from where the old sign was. Take both before and after photos: they must be UP close and FAR away. "," ","","","","","","","","","","","","","","","","","","","","","","","","","","","","","","","","","","","","","","","","","","","","","","","","","","","","","","","","","","","","","","","","","","","","","","","","","","","","","","","","","","","","","","","","","","","","","","","","","","","","","","","","","","","","","","","","","","","","","","","","","","","","","","","","","","","","","","","","","","","","","","","","","","","","","","","","","","","0.000","","","0.00"
"SC8594.1","01/28/26","2993","SMITTY'S TENDERLOINS","",""," Please head to the site and service the pole sign, diagnose the outages and repair to light.(Ben thinks it may be a few burnt bulbs.) "," ","","Acct Closed","","","","","","","","","","","","","","","","","","","","","","","","","","","","","","","","","","","","","","","","","","","","0.000","0.500","-0.500","0.00","30.67","-30.67","","0.000","1.000","-1.000","0.00","61.33","-61.33","","","","","","","","","","","","","","","","","","","","","","","","","","","","","","","","","","","","","","","","","","","","","","","","","","","","","","","","","","","","","","","","","","","","","","","","","","","","","","","","","","","","","","","","","","","","","","","0.000","1.500","-1.500","0.00","92.00","-92.00"
"SC8593.1","01/28/26","4053","STORAGE MART","",""," The building sign on the second floor has some outages(Mary Believes it is 20´x5´)  if you need help please call (515)964-5520 the day prior to heading out: she is also closed on Wednesdays and isn´t open until 9:30AM but the best time for her is afternoons. ( say speak to manager when you get through the automated system on the call.) She will need an estimate for repair prior to continuing the repair work and it can be sent to  S1076@storage-mart.com as it will need approved."," ","","Acct Closed","","","","","","","","","","","","","","","","","","","","","","","","","","","","","","","","","","","","","","","","","","","","0.000","3.750","-3.750","0.00","282.32","-282.32","","0.000","9.750","-9.750","0.00","666.70","-666.70","","","","","","","","","","","","","","","","","","","","","","","","","","","","","","","","","","","","","","","","","","","","","","","","","","","","","","","","","","","","","","","","","","","","","","","","","","","","","","","","","","","","","","","","","","","","","","","0.000","13.500","-13.500","0.00","949.02","-949.02"
"SC8580.1","01/10/26","6423","TCS INC / THE COLOR SPOT","",""," On Friday January 16th between 9:30 - 3:00 survey (4) different potential sign locations on the exterior front elevation of tenant space . Reference provided picture showing (4) areas that need to be surveyed. Confirm interior access to all (4) locations for future sign installation. Measure the tenant space frontage linear footage. Contact Ed Trudeau 515-423-5377 to get access into the tenant space. Call Ed approximately an hour before doing the survey. Secondary contact is Kerry Gentry 404.538.8736 with The Color Spot. "," ","","Acct Closed","","","","","","","","","","","","","","","","","","","","","","","","","","","","","","","","","","","","","","","","","","","","0.000","4.250","-4.250","0.00","270.55","-270.55","","0.000","1.250","-1.250","0.00","78.54","-78.54","","","","","","","","","","","","","","","","","","","","","","","","","","","","","","","","","","","","","","","","","","","","","","","","","","","","","","","","","","","","","","","","","","","","","","","","","","","","","","","","","","","","","","","","","","","","","","","0.000","5.500","-5.500","0.00","349.09","-349.09"
"SC8605.1","02/05/26","5973","TONIC","",""," Customer is reporting that the sign on the south elevation is not working. Send service to trouble shoot and repair. The bar opens at 3pm. Customer contact is Stef Smith 515-451-7042. "," ","","Mfg Closed","","","","","","","","","","","","","","","","","","","","","","","","","","","","","","","","","","","","","","","","","","","","0.000","1.500","-1.500","0.00","89.34","-89.34","","0.000","1.500","-1.500","0.00","92.00","-92.00","","","","","","","","","","","","","","","","","","","","","","","","","","","","","","","","","","","","","","","","","","","","","","","","","","","","","","","","","","","","","","","","","","","","","","","","","","","","","","","","","","","","","","","","","","","","","","","0.000","3.000","-3.000","0.00","181.34","-181.34"
"SC8578.1","01/09/26","3671","TRIANGLE SIGN AND SERVICE","",""," Please schedule a service call with the store manager at (515)287-2115. Customer description: ""The new store banner is sagging and bulging. I believe it´s from the wall not being washed properly at install."" Please install properly. Must use IVR, the sign off form, and provide photos"," ","","Acct Closed","","","","","","","","","","","","","","","","","","","","","","","","","","","","","","","","","","","","","","","","","","","","0.000","1.000","-1.000","0.00","58.67","-58.67","","0.000","0.500","-0.500","0.00","34.16","-34.16","","","","","","","","","","","","","","","","","","","","","","","","","","","","","","","","","","","","","","","","","","","","","","","","","","","","","","","","","","","","","","","","","","","","","","","","","","","","","","","","","","","","","","","","","","","","","","","0.000","1.500","-1.500","0.00","92.83","-92.83"
"12703.1","02/02/26","4598","WESTAR FOODS","Des Moines, IA","40570"," Retrofit the two changeable copy signs to LED lighting and power supplies. Properly dispose of the old materials off site. Also replace one LED power supply on the red LED stripe on the front left roof edge.","POLLIT","","","","","","","","","","","","","","","","","","","","","","","","","","","","","","","","","","","","","","","","","","","","","","4.000","10.000","-6.000","629.64","693.91","-64.27","","0.000","2.500","-2.500","0.00","159.58","-159.58","","1.000","0.000","1.000","157.41","0.00","157.41","","","","","","","","","","","","","","","","","","","","","","","0.500","0.000","0.500","25.72","0.00","25.72","","","","","","","","","","","","","","","","","","","","","","","","","","","","","","","","","","","","","","","","","","","","","","","","","","","","","","","","","","","","5.500","12.500","-7.000","812.77","853.49","-40.72"
"SC8612.1","02/12/26","4598","WESTAR FOODS","",""," Please head to the site and remove the damaged awning in attached photos- it was hit by a truck, bring the awning back to the eagle shop to have it examined for a repair quote"," ","","Mfg Closed","","","","","","","","","","","","","","","","","","","","","","","","","","","","","","","","","","","","","","","","","","","","0.000","1.000","-1.000","0.00","66.62","-66.62","","","","","","","","","","","","","","","","","","","","","","","","","","","","","","","","","","","","","","","","","","","","","","","","","","","","","","","","","","","","","","","","","","","","","","","","","","","","","","","","","","","","","","","","","","","","","","","","","","","","","","0.000","1.000","-1.000","0.00","66.62","-66.62"
"SC8596.1","01/29/26","125070","ZIROUS","",""," Customer is reporting that the sign on the rooftop south elevation (facing I-235) is not working. All signs and parking lights at this building are on a photocell and come on and off at the same time. Please send service to trouble shoot and repair non-working sign on top of the building. You can access the rooftop from inside the building. Please contact Lori Harken 24 hours before at 515-238-8180. Lori will let you in building and show you where access to the roof is located."," ","","Acct Closed","","","","","","","","","","","","","","","","","","","","","","","","","","","","","","","","","","","","","","","","","","","","0.000","0.750","-0.750","0.00","56.78","-56.78","","0.000","1.000","-1.000","0.00","68.31","-68.31","","","","","","","","","","","","","","","","","","","","","","","","","","","","","","","","","","","","","","","","","","","","","","","","","","","","","","","","","","","","","","","","","","","","","","","","","","","","","","","","","","","","","","","","","","","","","","","0.000","1.750","-1.750","0.00","125.09","-125.09"
"Grand Total","","","","","","","","","","","","","","","","","","5.510","3.750","1.760","283.13","188.40","94.73","","37.575","41.000","-3.425","1932.50","2000.29","-67.79","","11.000","0.000","11.000","565.73","0.00","565.73","","29.000","15.250","13.750","1491.47","684.09","807.38","","10.650","20.500","-9.850","547.72","1030.36","-482.64","","257.185","191.250","65.935","24487.59","12951.31","11536.28","","24.000","99.500","-75.500","1759.92","6450.08","-4690.16","","1.000","0.000","1.000","157.41","0.00","157.41","","","","","","","","","","","","","","","","","","","","","","","1.750","0.000","1.750","90.01","0.00","90.01","","","","","","","","","","","","","","","","","","","","","","","","","","","","","","","","","","","","","","","","","","","","","","","","","","","","","","","","","","","","377.670","371.250","6.420","31315.48","23304.53","8010.95"
