"","Eagle Sign Company"
"","OPEN WORK ORDERS AS OF 12/31/20"

"Work Order","Quote/Part/Description","Qty Mfg","Qty Comp","Act Material","Act Labor","Act Burden","Act CNCRT","Act OUT1","Act UTax","Act Total","Est Material","Est Labor","Est Burden","Est CNCRT","Est OUT1","Est UTax","Est Total","Var Cost","Act Billing","Act GM %","Est Billing","Est GM %","Due Date","Cust No","Customer Name","C/F","STD Comp $","Est COGS","Net WIP","Invoice Date","Invoice Nbr","Est Hrs","Act Hrs"
"""10002.1""","""@30648 / CAT #3295""","1","","3776.12","2577.16","2396.81","","0.00","1261.54","10011.63","11836.86","13760.42","0.00","","5636.42","0.00","31233.70","-21222.07","49323.00","79.70","49323.00","36.68","02/14/21","18600","CAT SCALE","C","0.00","0.00","10011.63","02/22/21","10002","323.500","281.250"
"""10002.2""","""@30726 / CAT #3295""","1","","0.00","96.88","90.10","","0.00","0.00","186.98","0.00","42.46","0.00","","4000.00","0.00","4042.46","-3855.48","5308.36","96.48","5308.36","23.85","02/15/21","18600","CAT SCALE","C","0.00","0.00","186.98","02/22/21","10002","1.000","7.750"
"""10003.1""","""@tm / MCDONALDS # 24588""","1","","0.00","121.88","226.70","","","0.00","348.58","0.00","0.00","0.00","","","0.00","0.00","348.58","390.00","10.62","390.00","100.00","11/30/20","77950","NAGLE SIGNS, INC.","C","0.00","0.00","348.58","01/14/21","10003","0.000","6.500"
"""10004.1""","""@30754 / JOHNSTON DENTAL""","1","","845.40","0.00","0.00","","","0.00","845.40","0.00","557.26","0.00","","1221.94","0.00","1779.20","-933.80","2926.32","71.11","2926.32","39.20","12/30/20","5162","JOHNSTON DENTAL","C","0.00","0.00","845.40","01/11/21","10004","10.000","4.500"
"""10008.1""","""@30579 / PARK RIDGE APARTMENTS""","1","","0.00","137.38","255.02","","","0.00","392.40","23.20","2209.30","0.00","","1975.00","0.00","4207.50","-3815.10","5916.47","93.37","5916.47","28.88","11/25/20","5757","PARK RIDGE APARTMENTS","C","0.00","0.00","392.40","03/18/21","10008-2","32.000","13.250"
"""10008.2""","""@30745 / PARK RIDGE APARTMENTS""","1","","0.00","36.75","34.18","","","0.00","70.93","0.00","0.00","0.00","","","0.00","0.00","70.93","0.00","","135.00","100.00","11/30/20","5757","PARK RIDGE APARTMENTS","C","0.00","0.00","70.93","02/25/21","10008","0.000","5.500"
"""10008.3""","""@30832 / PARK RIDGE APARTMENTS""","1","","30.24","105.25","97.88","","","0.00","233.37","30.40","382.14","0.00","","","0.00","412.54","-179.17","670.26","65.18","670.26","38.45","12/20/20","5757","PARK RIDGE APARTMENTS","C","0.00","0.00","233.37","02/25/21","10008","9.000","15.750"
"""10009.1""","""@28525 / R & D ENGINEERING""","1","","0.00","15.75","14.65","","","0.00","30.40","0.00","0.00","0.00","","","0.00","0.00","30.40","0.00","","135.00","100.00","04/22/21","4542","R & D ENGINEERING","C","0.00","0.00","30.40","06/23/21","10009","0.000","0.750"
"""10013.1""","""@tm / KEMIN INDUSTRIES""","1","","11.79","19.50","18.14","","","0.00","49.43","0.00","0.00","0.00","","","0.00","0.00","49.43","0.00","","0.00","","12/04/20","4725","KEMIN INDUSTRIES","C","0.00","0.00","49.43","01/13/21","10013","0.000","1.000"
"""10021.3""","""@30708 / COLFAX PHARMACY""","1","","14.28","25.13","23.37","","","0.00","62.78","72.14","167.05","0.00","","","0.00","239.19","-176.41","383.89","83.65","383.89","37.69","12/15/20","5761","PHARM FOOD GROUP","C","0.00","0.00","62.78","02/28/21","10021","3.500","9.500"
"""10021.4""","""@30709 / COLFAX PHARMACY""","1","","6.95","15.13","14.07","","","0.00","36.15","385.54","700.75","0.00","","","0.00","1086.29","-1050.14","1647.36","97.81","1647.36","34.06","12/15/20","5761","PHARM FOOD GROUP","C","0.00","0.00","36.15","02/28/21","10021","11.250","9.000"
"""10021.6""","""@30762 / COLFAX PHARMACY""","1","","0.00","10.50","9.77","","","0.00","20.27","0.00","0.00","0.00","","","0.00","0.00","20.27","0.00","","135.00","100.00","12/15/20","5761","PHARM FOOD GROUP","C","0.00","0.00","20.27","02/28/21","10021","0.000","0.500"
"""10022.4""","""@30950 / ORAL SURGEONS, P.C.""","1","","0.00","10.50","9.77","","","0.00","20.27","0.00","0.00","0.00","","","0.00","0.00","20.27","0.00","","135.00","100.00","01/05/21","5563","WILLHAM & FOSTER ORTHODONTICS","C","0.00","0.00","20.27","02/19/21","10022","0.000","1.500"
"""10023.1""","""@28792 / RAMADA INN""","1","","0.00","131.00","223.12","","","0.00","354.12","0.00","157.30","0.00","","","0.00","157.30","196.82","250.00","-41.65","250.00","37.08","12/16/20","5176","ALLEN INDUSTRIES - HARMON SIGN DIVISION","C","0.00","0.00","354.12","02/23/21","10023","2.750","7.250"
"""10023.4""","""@28787 / RAMADA INN""","1","","0.00","10.50","9.77","","","0.00","20.27","0.00","0.00","0.00","","","0.00","0.00","20.27","135.00","84.99","135.00","100.00","01/15/21","5176","ALLEN INDUSTRIES - HARMON SIGN DIVISION","C","0.00","0.00","20.27","02/23/21","10023","0.000","1.500"
"""10024.2""","""@30369 / CHRISTIAN LIFE ASSEMB""","1","","0.00","15.75","14.65","","","0.00","30.40","0.00","0.00","0.00","","","0.00","0.00","30.40","0.00","","135.00","100.00","12/09/20","5763","CHRISTIAN LIFE ASSEMBLY OF GOD","C","0.00","0.00","30.40","08/17/22","10024","0.000","2.250"
"""10025.1""","""@tm / MISTER CAR WASH""","1","","103.60","130.01","172.27","","","0.00","405.88","0.00","0.00","0.00","","","0.00","0.00","405.88","781.05","48.03","781.05","100.00","12/15/20","4918","GARLING CONSTRUCTION","C","0.00","0.00","405.88","01/08/21","10025","0.000","7.750"
"""10028.1""","""@30854 / HENRY J´S TACOS""","1","","14.30","67.63","62.90","","","0.00","144.83","7.69","125.18","0.00","","","0.00","132.87","11.96","196.66","26.36","196.66","32.44","12/31/20","5608","HENRY J'S TACOS","C","0.00","0.00","144.83","01/13/21","10028","2.500","3.750"
"""10032.1""","""@30999 / CAT #2918""","1","","0.61","40.25","37.43","","","0.00","78.29","0.00","0.00","0.00","","","0.00","0.00","78.29","156.20","49.88","0.00","","12/21/20","18600","CAT SCALE","C","0.00","0.00","78.29","01/08/21","10032","0.000","2.000"
"""10034.1""","""@30958 / GRIMES CHIROPRACTIC""","1","","0.00","21.00","19.53","","0.00","0.00","40.53","570.14","1422.65","0.00","","","0.00","1992.79","-1952.26","3118.43","98.70","3118.43","36.10","01/13/21","5766","GRIMES CHIROPRACTIC","C","0.00","0.00","40.53","02/05/21","10034","27.160","45.500"
"""10034.2""","""@30959 / GRIMES CHIROPRACTIC""","1","","41.76","25.25","23.48","","","0.00","90.49","82.82","184.58","0.00","","","0.00","267.40","-176.91","431.12","79.01","431.12","37.98","01/13/21","5766","GRIMES CHIROPRACTIC","C","0.00","0.00","90.49","02/05/21","10034","4.000","4.000"
"""10034.5""","""@30998 / GRIMES CHIROPRACTIC""","1","","0.00","10.50","9.77","","","0.00","20.27","0.00","0.00","0.00","","","0.00","0.00","20.27","0.00","","135.00","100.00","01/13/21","5766","GRIMES CHIROPRACTIC","C","0.00","0.00","20.27","02/05/21","10034","0.000","0.500"
"""10036.1""","""@31002 / THRIVENT FINANCIAL""","1","","0.00","62.13","114.22","","","0.00","176.35","0.00","157.30","0.00","","","0.00","157.30","19.05","250.00","29.46","250.00","37.08","01/04/21","2535","ATLAS SIGN INDUSTRIES","C","0.00","0.00","176.35","01/05/21","10036","2.750","3.500"
"""10038.1""","""@31025 / CAT SCALE""","1","","834.08","387.39","360.31","","","0.00","1581.78","0.00","0.00","0.00","","","0.00","0.00","1581.78","2762.65","42.74","0.00","","01/06/21","18600","CAT SCALE","C","0.00","0.00","1581.78","01/18/21","10038","0.000","20.500"
"""10038.2""","""@31026 / CAT SCALE""","10","","0.00","200.88","186.84","","","0.00","387.72","0.00","0.00","0.00","","","0.00","0.00","387.72","18653.70","97.92","18653.70","100.00","01/06/21","18600","CAT SCALE","C","0.00","0.00","387.72","01/18/21","10038","0.000","17.000"
"""10038.3""","""@31027 / CAT SCALE""","10","","0.00","15.00","13.95","","","0.00","28.95","0.00","0.00","0.00","","","0.00","0.00","28.95","2173.50","98.67","2173.50","100.00","01/06/21","18600","CAT SCALE","C","0.00","0.00","28.95","01/18/21","10038","0.000","4.000"
"""10038.5""","""@31029 / CAT SCALE""","1","","0.00","4.88","4.54","","","0.00","9.42","0.00","0.00","0.00","","","0.00","0.00","9.42","1506.00","99.37","1506.00","100.00","01/06/21","18600","CAT SCALE","C","0.00","0.00","9.42","01/18/21","10038","0.000","0.500"
"""10044.2""","""@30611 / CORE&MAIN""","1","","0.00","21.00","19.53","","","0.00","40.53","0.00","0.00","0.00","","","0.00","0.00","40.53","0.00","","135.00","100.00","01/15/21","2598","SEPTAGON CONSTRUCTION","C","0.00","0.00","40.53","01/19/21","10044","0.000","1.000"
"""10045.1""","""@31017 / LIFE STORAGE""","3","","0.00","15.75","14.65","","","0.00","30.40","302.28","2071.11","0.00","","600.00","0.00","2973.39","-2942.99","4447.05","99.32","4447.05","33.14","02/14/21","5771","BLINK SIGNS","C","0.00","0.00","30.40","02/17/22","10045-2","36.990","52.250"
"""10046.2""","""@31013 / KEMIN INDUSTRIES""","1","","0.00","21.00","19.53","","","0.00","40.53","0.00","0.00","0.00","","","0.00","0.00","40.53","0.00","","135.00","100.00","12/28/20","4725","KEMIN INDUSTRIES","C","0.00","0.00","40.53","08/24/21","10046","0.000","2.000"
"""10047.1""","""@30964 / Eastview Community Ce""","1","","0.00","21.00","19.53","","","0.00","40.53","0.00","0.00","0.00","","","0.00","0.00","40.53","0.00","","135.00","100.00","01/30/21","5259","EASTVIEW COMMUNITY CENTER","C","0.00","0.00","40.53","01/15/21","10047","0.000","1.000"
"""66348""","""221-0330 5'-4 1/2"" X 20' HURRI""","1","","1101.74","329.71","306.63","","","0.00","1738.08","1233.42","0.00","0.00","","","0.00","1233.42","504.66","","","0.00","","05/02/19","","","C","0.00","0.00","1738.08","","","0.000","39.000"
"""66856""","""221-0300 5'-4 1/2"" X 20' STAND""","1","","1093.05","194.50","180.90","","","0.00","1468.45","1092.35","339.68","0.00","","","0.00","1432.03","36.42","","","0.00","","11/11/20","","","C","0.00","0.00","1468.45","","","8.000","11.000"
"""66857""","""221-0300 5'-4 1/2"" X 20' STAND""","1","","1093.05","235.25","218.79","","","0.00","1547.09","1092.35","339.68","0.00","","","0.00","1432.03","115.06","","","0.00","","11/11/20","","","C","0.00","0.00","1547.09","","","8.000","13.250"
"""66858""","""221-0300 5'-4 1/2"" X 20' STAND""","1","","1181.45","199.06","185.14","","","0.00","1565.65","1092.35","339.68","0.00","","","0.00","1432.03","133.62","","","0.00","","11/11/20","","","C","0.00","0.00","1565.65","","","8.000","11.250"
"""66866""","""221-0300 5'-4 1/2"" X 20' STAND""","1","","1093.05","209.00","194.39","","","0.00","1496.44","1092.35","339.68","0.00","","","0.00","1432.03","64.41","","","0.00","","11/23/20","","","C","0.00","0.00","1496.44","","","8.000","12.000"
"""66867""","""221-0300 5'-4 1/2"" X 20' STAND""","1","","1004.65","213.25","198.33","","","0.00","1416.23","1092.35","339.68","0.00","","","0.00","1432.03","-15.80","","","0.00","","11/23/20","","","C","0.00","0.00","1416.23","","","8.000","12.250"
"""66868""","""221-0300 5'-4 1/2"" X 20' STAND""","1","","1097.13","145.25","135.09","","","0.00","1377.47","1092.35","339.68","0.00","","","0.00","1432.03","-54.56","","","0.00","","11/23/20","","","C","0.00","0.00","1377.47","","","8.000","8.250"
"""66869""","""221-0300 5'-4 1/2"" X 20' STAND""","1","","1097.13","217.50","202.29","","","0.00","1516.92","1092.35","339.68","0.00","","","0.00","1432.03","84.89","","","0.00","","11/28/20","","","C","0.00","0.00","1516.92","","","8.000","12.500"
"""66870""","""221-0300 5'-4 1/2"" X 20' STAND""","1","","1093.05","165.75","154.16","","","0.00","1412.96","1092.35","339.68","0.00","","","0.00","1432.03","-19.07","","","0.00","","11/23/20","","","C","0.00","0.00","1412.96","","","8.000","11.750"
"""66877""","""221-0200 5'-4 1/2"" X 20' STAND""","1","","4219.37","438.26","407.63","","","0.00","5065.26","2910.77","849.20","0.00","","","0.00","3759.97","1305.29","","","0.00","","11/23/20","","","C","0.00","0.00","5065.26","","","20.000","26.250"
"""66882""","""221-0200 5'-4 1/2"" X 20' STAND""","1","","4211.28","590.01","548.75","","","0.00","5350.04","2910.77","849.20","0.00","","","0.00","3759.97","1590.07","","","0.00","","11/30/20","","","C","0.00","0.00","5350.04","","","20.000","33.500"
"""66883""","""221-0200 5'-4 1/2"" X 20' STAND""","1","","4390.03","463.70","431.30","","","0.00","5285.03","2910.77","849.20","0.00","","","0.00","3759.97","1525.06","","","0.00","","11/30/20","","","C","0.00","0.00","5285.03","","","20.000","26.250"
"""66884""","""221-0200 5'-4 1/2"" X 20' STAND""","1","","4206.72","558.27","519.23","","","0.00","5284.22","2910.77","849.20","0.00","","","0.00","3759.97","1524.25","","","0.00","","11/30/20","","","C","0.00","0.00","5284.22","","","20.000","32.250"
"""66885""","""221-0200 5'-4 1/2"" X 20' STAND""","1","","4235.54","505.96","470.59","","","0.00","5212.09","2910.77","849.20","0.00","","","0.00","3759.97","1452.12","","","0.00","","11/30/20","","","C","0.00","0.00","5212.09","","","20.000","29.000"
"""66886""","""221-0200 5'-4 1/2"" X 20' STAND""","1","","4325.79","505.02","469.68","","","0.00","5300.49","2910.77","849.20","0.00","","","0.00","3759.97","1540.52","","","0.00","","11/30/20","","","C","0.00","0.00","5300.49","","","20.000","28.500"
"""66887""","""221-0200 5'-4 1/2"" X 20' STAND""","1","","116.90","494.64","460.04","","","0.00","1071.58","2910.77","849.20","0.00","","","0.00","3759.97","-2688.39","","","0.00","","11/30/20","","","C","0.00","0.00","1071.58","","","20.000","31.750"
"""66888""","""221-0200 5'-4 1/2"" X 20' STAND""","1","","116.90","368.20","342.46","","","0.00","827.56","2910.77","849.20","0.00","","","0.00","3759.97","-2932.41","","","0.00","","11/30/20","","","C","0.00","0.00","827.56","","","20.000","25.000"
"""66889""","""221-0200 5'-4 1/2"" X 20' STAND""","1","","102.24","350.01","325.53","","","0.00","777.78","2910.77","849.20","0.00","","","0.00","3759.97","-2982.19","","","0.00","","11/30/20","","","C","0.00","0.00","777.78","","","20.000","25.250"
"""66890""","""221-0200 5'-4 1/2"" X 20' STAND""","1","","102.22","284.64","264.75","","","0.00","651.61","2910.77","849.20","0.00","","","0.00","3759.97","-3108.36","","","0.00","","11/30/20","","","C","0.00","0.00","651.61","","","20.000","29.750"
"""66891""","""221-0200 5'-4 1/2"" X 20' STAND""","1","","102.22","286.57","266.53","","","0.00","655.32","2910.77","849.20","0.00","","","0.00","3759.97","-3104.65","","","0.00","","11/30/20","","","C","0.00","0.00","655.32","","","20.000","27.750"
"""66894""","""221-0190 STANDARD CAT SCALE SP""","1","","545.58","112.59","104.72","","","0.00","762.89","369.57","339.68","0.00","","","0.00","709.25","53.64","","","0.00","","11/30/20","","","C","0.00","0.00","762.89","","","8.000","6.250"
"""66895""","""221-0190 STANDARD CAT SCALE SP""","1","","541.53","104.77","97.45","","","0.00","743.75","369.57","339.68","0.00","","","0.00","709.25","34.50","","","0.00","","11/30/20","","","C","0.00","0.00","743.75","","","8.000","6.250"
"""66896""","""221-0190 STANDARD CAT SCALE SP""","1","","544.17","82.45","76.69","","","0.00","703.31","369.57","339.68","0.00","","","0.00","709.25","-5.94","","","0.00","","11/30/20","","","C","0.00","0.00","703.31","","","8.000","4.750"
"""66897""","""221-0190 STANDARD CAT SCALE SP""","1","","527.35","68.95","64.13","","","0.00","660.43","369.57","339.68","0.00","","","0.00","709.25","-48.82","","","0.00","","11/30/20","","","C","0.00","0.00","660.43","","","8.000","3.750"
"""66898""","""221-0190 STANDARD CAT SCALE SP""","1","","547.50","96.07","89.35","","","0.00","732.92","369.57","339.68","0.00","","","0.00","709.25","23.67","","","0.00","","11/30/20","","","C","0.00","0.00","732.92","","","8.000","5.500"
"""66899""","""221-0190 STANDARD CAT SCALE SP""","1","","557.56","142.70","132.72","","","0.00","832.98","369.57","339.68","0.00","","","0.00","709.25","123.73","","","0.00","","11/30/20","","","C","0.00","0.00","832.98","","","8.000","8.250"
"""66900""","""221-0190 STANDARD CAT SCALE SP""","1","","544.17","142.84","132.85","","","0.00","819.86","369.57","339.68","0.00","","","0.00","709.25","110.61","","","0.00","","11/30/20","","","C","0.00","0.00","819.86","","","8.000","8.000"
"""66901""","""221-0190 STANDARD CAT SCALE SP""","1","","543.97","115.58","107.50","","","0.00","767.05","369.57","339.68","0.00","","","0.00","709.25","57.80","","","0.00","","11/30/20","","","C","0.00","0.00","767.05","","","8.000","6.500"
"""66904""","""221-0300 5'-4 1/2"" X 20' STAND""","1","","1093.05","306.75","285.29","","","0.00","1685.09","1092.35","339.68","0.00","","","0.00","1432.03","253.06","","","0.00","","12/16/20","","","C","0.00","0.00","1685.09","","","8.000","18.750"
"""66905""","""221-0300 5'-4 1/2"" X 20' STAND""","1","","0.00","107.00","99.52","","","0.00","206.52","1092.35","339.68","0.00","","","0.00","1432.03","-1225.51","","","0.00","","12/16/20","","","C","0.00","0.00","206.52","","","8.000","7.000"
"""66906""","""221-0300 5'-4 1/2"" X 20' STAND""","1","","0.00","201.14","187.06","","","0.00","388.20","1092.35","339.68","0.00","","","0.00","1432.03","-1043.83","","","0.00","","12/16/20","","","C","0.00","0.00","388.20","","","8.000","12.500"
"""66909""","""221-0190 STANDARD CAT SCALE SP""","1","","0.00","86.88","80.81","","","0.00","167.69","369.57","339.68","0.00","","","0.00","709.25","-541.56","","","0.00","","12/21/20","","","C","0.00","0.00","167.69","","","8.000","8.750"
"""66910""","""221-0190 STANDARD CAT SCALE SP""","1","","0.00","82.06","76.32","","","0.00","158.38","369.57","339.68","0.00","","","0.00","709.25","-550.87","","","0.00","","12/21/20","","","C","0.00","0.00","158.38","","","8.000","9.000"
"""66911""","""221-0190 STANDARD CAT SCALE SP""","1","","0.00","91.68","85.27","","","0.00","176.95","369.57","339.68","0.00","","","0.00","709.25","-532.30","","","0.00","","12/21/20","","","C","0.00","0.00","176.95","","","8.000","8.000"
"""66912""","""221-0190 STANDARD CAT SCALE SP""","1","","0.00","82.06","76.32","","","0.00","158.38","369.57","339.68","0.00","","","0.00","709.25","-550.87","","","0.00","","12/21/20","","","C","0.00","0.00","158.38","","","8.000","9.500"
"""66913""","""221-0190 STANDARD CAT SCALE SP""","1","","0.00","72.44","67.37","","","0.00","139.81","369.57","339.68","0.00","","","0.00","709.25","-569.44","","","0.00","","12/21/20","","","C","0.00","0.00","139.81","","","8.000","8.500"
"""66914""","""221-0200 5'-4 1/2"" X 20' STAND""","1","","116.90","30.25","28.13","","","0.00","175.28","3031.97","849.20","0.00","","","0.00","3881.17","-3705.89","","","0.00","","12/21/20","","","C","0.00","0.00","175.28","","","20.000","31.250"
"""66915""","""221-0200 5'-4 1/2"" X 20' STAND""","01","","116.90","35.25","32.78","","","0.00","184.93","3031.97","849.20","0.00","","","0.00","3881.17","-3696.24","","","0.00","","12/21/20","","","C","0.00","0.00","184.93","","","20.000","27.750"
"""66916""","""221-0200 5'-4 1/2"" X 20' STAND""","1","","116.90","35.25","32.78","","","0.00","184.93","3031.97","849.20","0.00","","","0.00","3881.17","-3696.24","","","0.00","","12/21/20","","","C","0.00","0.00","184.93","","","20.000","27.500"
"""66917""","""221-0200 5'-4 1/2"" X 20' STAND""","1","","116.90","35.25","32.78","","","0.00","184.93","3031.97","849.20","0.00","","","0.00","3881.17","-3696.24","","","0.00","","12/21/20","","","C","0.00","0.00","184.93","","","20.000","24.250"
"""66918""","""221-0200 5'-4 1/2"" X 20' STAND""","1","","116.90","35.25","32.78","","","0.00","184.93","3031.97","849.20","0.00","","","0.00","3881.17","-3696.24","","","0.00","","12/21/20","","","C","0.00","0.00","184.93","","","20.000","29.750"
"""66919""","""202-0500 8"" ANGLE IRON BRACKET""","1","","0.00","46.75","43.48","","","0.00","90.23","1.09","0.25","0.00","","","0.00","1.34","88.89","","","0.00","","12/15/20","","","C","0.00","0.00","90.23","","","0.006","6.250"
"""66922""","""221-0190 STANDARD CAT SCALE SP""","1","","0.00","91.69","85.27","","","0.00","176.96","369.57","339.68","0.00","","","0.00","709.25","-532.29","","","0.00","","01/06/21","","","C","0.00","0.00","176.96","","","8.000","10.500"
"""66923""","""221-0190 STANDARD CAT SCALE SP""","1","","0.00","72.45","67.39","","","0.00","139.84","369.57","339.68","0.00","","","0.00","709.25","-569.41","","","0.00","","01/06/21","","","C","0.00","0.00","139.84","","","8.000","9.250"
"""66924""","""221-0190 STANDARD CAT SCALE SP""","1","","0.00","72.44","67.38","","","0.00","139.82","369.57","339.68","0.00","","","0.00","709.25","-569.43","","","0.00","","01/06/21","","","C","0.00","0.00","139.82","","","8.000","10.250"
"""66925""","""221-0190 STANDARD CAT SCALE SP""","1","","0.00","53.19","49.47","","","0.00","102.66","369.57","339.68","0.00","","","0.00","709.25","-606.59","","","0.00","","01/06/21","","","C","0.00","0.00","102.66","","","8.000","9.250"
"""66926""","""221-0190 STANDARD CAT SCALE SP""","1","","0.00","33.69","31.33","","","0.00","65.02","369.57","339.68","0.00","","","0.00","709.25","-644.23","","","0.00","","01/06/21","","","C","0.00","0.00","65.02","","","8.000","9.000"
"""9509.1""","""@tm / PANCHEROS MEXICAN GRILL""","2","","128.80","10.00","9.30","","","0.00","148.10","0.00","0.00","0.00","","","0.00","0.00","148.10","0.00","","0.00","","12/06/19","77950","NAGLE SIGNS, INC.","C","0.00","0.00","148.10","12/05/22","9509","0.000","0.500"
"""9509.2""","""@tm / PANCHEROS MEXICAN GRILL""","2","","61.24","67.38","62.67","","","0.00","191.29","0.00","0.00","0.00","","","0.00","0.00","191.29","0.00","","0.00","","12/04/19","77950","NAGLE SIGNS, INC.","C","0.00","0.00","191.29","12/05/22","9509","0.000","3.500"
"""9748.1""","""@29655A / EXTREME LAWN CARE""","1","","50.73","50.25","46.73","","","0.00","147.71","34.21","265.39","0.00","","1.00","0.00","300.60","-152.89","236.49","37.54","496.29","39.43","05/22/20","2624","EXTREME LAWN CARE","C","0.00","0.00","147.71","01/05/21","9748","6.250","2.500"
"""9924.1""","""@30405 / CENTENNIAL CROSSING""","1","","1552.39","24.06","22.38","","","0.00","1598.83","15.12","909.99","0.00","","1543.96","0.00","2469.07","-870.24","3754.03","57.41","3754.03","34.23","11/01/20","2449","HUBBELL CONSTRUCTION SERVICES","C","0.00","0.00","1598.83","02/11/21","9924","15.750","24.000"
"""9928.1""","""@29353 / CLIVE BEHAVIORAL HEAL""","1","","0.00","74.00","137.09","","420.00","0.00","631.09","0.00","0.00","0.00","","","0.00","0.00","631.09","0.00","","135.00","100.00","09/25/20","5728","POBLOCKI SIGN COMPANY","C","0.00","0.00","631.09","01/21/21","9928","0.000","4.000"
"""9928.10""","""@31019 / CLIVE BEHAVIORAL HEAL""","1","","18.36","116.25","108.12","","","0.00","242.73","0.00","169.84","0.00","","","0.00","169.84","72.89","273.44","11.23","273.44","37.89","12/30/20","5728","POBLOCKI SIGN COMPANY","C","0.00","0.00","242.73","01/21/21","9928","4.000","7.500"
"""9928.4""","""@29358 / CLIVE BEHAVIORAL HEAL""","3","","73.44","140.25","259.60","","","0.00","473.29","17.40","1219.17","0.00","","1065.00","0.00","2301.57","-1828.28","3159.60","85.02","3159.60","27.16","09/25/20","5728","POBLOCKI SIGN COMPANY","C","0.00","0.00","473.29","01/21/21","9928","16.500","16.500"
"""9928.8""","""@30573 / CLIVE BEHAVIORAL HEAL""","1","","3.83","0.00","0.00","","1449.00","0.00","1452.83","39.72","770.82","0.00","","1449.00","0.00","2259.54","-806.71","3092.72","53.02","3092.72","26.94","10/30/20","5728","POBLOCKI SIGN COMPANY","C","0.00","0.00","1452.83","01/21/21","9928","10.000","12.750"
"""9928.9""","""@30574 / CLIVE BEHAVIORAL HEAL""","1","","0.00","69.38","128.21","","","0.00","197.59","24.94","613.96","0.00","","","0.00","638.90","-441.31","922.11","78.57","922.11","30.71","10/30/20","5728","POBLOCKI SIGN COMPANY","C","0.00","0.00","197.59","01/21/21","9928","7.000","13.500"
"""9931.1""","""@28205 / TOMPKINS IND""","1","","0.00","23.13","42.47","","","0.00","65.60","0.00","491.92","0.00","","","0.00","491.92","-426.32","629.66","89.58","629.66","21.88","09/30/20","3869","TOMPKINS IND","C","0.00","0.00","65.60","03/08/21","9931","8.000","12.000"
"""9931.3""","""@30548 / TOMPKINS IND""","1","","0.00","21.00","19.53","","","0.00","40.53","0.00","0.00","0.00","","","0.00","0.00","40.53","0.00","","135.00","100.00","10/30/20","3869","TOMPKINS IND","C","0.00","0.00","40.53","03/08/21","9931","0.000","1.000"
"""9931.4""","""@30824 / TOMPKINS IND""","1","","185.38","18.50","34.41","","","0.00","238.29","154.43","782.54","0.00","","1130.60","0.00","2067.57","-1829.28","3056.25","92.20","3056.25","32.35","12/20/20","3869","TOMPKINS IND","C","0.00","0.00","238.29","03/08/21","9931","13.500","15.250"
"""9931.5""","""@30890 / TOMPKINS IND""","1","","0.00","10.50","9.77","","","0.00","20.27","0.00","0.00","0.00","","","0.00","0.00","20.27","0.00","","135.00","100.00","12/23/20","3869","TOMPKINS IND","C","0.00","0.00","20.27","03/08/21","9931","0.000","0.500"
"""9932.4""","""@30462 / TENSION ENVELOPES""","1","","122.65","117.02","140.80","","","0.00","380.47","101.85","188.27","0.00","","","0.00","290.12","90.35","455.04","16.39","455.04","36.24","10/30/20","3329","TENSION ENVELOPES","C","0.00","0.00","380.47","01/05/21","9932","3.500","6.250"
"""9938.1""","""@30321 / TED´S CONEY ISLAND""","1","","4717.74","738.22","1230.69","","","0.00","6686.65","29.00","1713.74","0.00","","4598.14","0.00","6340.88","345.77","9008.44","25.77","9008.44","29.61","11/16/20","4996","TED'S CONEY ISLAND","C","0.00","0.00","6686.65","01/19/21","9938","21.000","42.500"
"""9938.2""","""@30339 / TED´S CONEY ISLAND""","1","","1605.21","390.02","641.76","","","0.00","2636.99","29.00","1171.22","0.00","","1504.68","0.00","2704.90","-67.91","3878.45","32.01","3878.45","30.26","11/16/20","4996","TED'S CONEY ISLAND","C","0.00","0.00","2636.99","01/19/21","9938","15.000","28.500"
"""9941.1""","""@30410 / DES MOINES INTERNATIO""","1","","239.49","159.76","148.59","","","0.00","547.84","1317.76","2453.77","0.00","","","0.00","3771.53","-3223.69","5858.60","90.65","5858.60","35.62","11/25/20","35250","DES MOINES INTERNATIONAL AIRPO","C","0.00","0.00","547.84","01/19/21","9941-2","40.500","44.250"
"""9961.1""","""@30385 / OLSSON""","1","","0.00","58.63","109.06","","","0.00","167.69","0.00","157.30","0.00","","","0.00","157.30","10.39","250.00","32.92","250.00","37.08","10/28/20","5383","NEBRASKA SIGN","C","0.00","0.00","167.69","01/31/21","9961","2.750","3.250"
"""9961.4""","""@30388 / OLSSON""","1","","0.00","10.50","9.77","","","0.00","20.27","0.00","0.00","0.00","","","0.00","0.00","20.27","0.00","","135.00","100.00","12/01/20","5383","NEBRASKA SIGN","C","0.00","0.00","20.27","01/31/21","9961","0.000","0.500"
"""9961.6""","""@30827 / OLSSON""","1","","0.00","155.88","289.14","","","0.00","445.02","38.86","613.96","0.00","","","0.00","652.82","-207.80","931.85","52.24","931.85","29.94","11/15/20","5383","NEBRASKA SIGN","C","0.00","0.00","445.02","01/31/21","9961","7.000","8.750"
"""9981.1""","""@30739 / COON RAPIDS HARDWARE""","1","","4247.69","0.00","0.00","","","0.00","4247.69","11.60","1026.84","0.00","","4328.71","0.00","5367.15","-1119.46","7236.19","41.30","7236.19","25.83","01/01/21","5748","COON RAPIDS HARDWARE","C","0.00","0.00","4247.69","01/13/21","9981","16.000","30.500"
"""9988.3""","""@30567 / JOHN DEERE""","1","","0.00","10.50","9.77","","","0.00","20.27","0.00","0.00","0.00","","","0.00","0.00","20.27","431.09","95.30","135.00","100.00","12/28/20","3951","ALLEN INDUSTRIES , INC","C","0.00","0.00","20.27","01/31/21","9988","0.000","0.500"
"""9990.4""","""@30744 / JOHN DEERE""","1","","0.00","10.50","9.77","","","0.00","20.27","0.00","0.00","0.00","","","0.00","0.00","20.27","135.00","84.99","135.00","100.00","12/28/20","3951","ALLEN INDUSTRIES , INC","C","0.00","0.00","20.27","02/15/21","9990","0.000","0.500"
"""9991.1""","""@30686 / HARLEY DAVIDSON""","1","","0.00","21.00","19.54","","","0.00","40.54","0.00","0.00","0.00","","","0.00","0.00","40.54","0.00","","135.00","100.00","12/01/20","4977","CHANDLER SIGNS, LLC","C","0.00","0.00","40.54","03/09/21","9991","0.000","1.000"
"""9991.2""","""@30683 / HARLEY DAVIDSON""","1","","0.00","199.89","365.68","","","0.00","565.57","0.00","569.00","0.00","","","0.00","569.00","-3.43","800.00","29.30","800.00","28.88","12/01/20","4977","CHANDLER SIGNS, LLC","C","0.00","0.00","565.57","03/09/21","9991","10.000","11.250"
"""9994.1""","""@30852 / HY VEE""","1","","0.00","142.07","262.91","","","0.00","404.98","522.62","1810.38","0.00","100.00","300.00","0.00","2733.00","-2328.02","4178.58","90.31","4178.58","34.60","11/18/20","2779","HY-VEE WIETZ","C","0.00","0.00","404.98","01/21/21","9994","27.000","60.500"
"""9995.1""","""@30585 / MOTOR INN OF CARROLL""","1","","0.00","41.63","77.44","","0.00","0.00","119.07","0.00","284.50","0.00","","","0.00","284.50","-165.43","450.00","73.54","450.00","36.78","12/28/20","5504","AGI- ACCOUNTS PAYABLE","C","0.00","0.00","119.07","02/11/21","9995","5.000","7.000"
"""9995.2""","""@30586 / MOTOR INN OF CARROLL""","1","","0.00","10.50","9.77","","","0.00","20.27","0.00","0.00","0.00","","","0.00","0.00","20.27","135.00","84.99","135.00","100.00","12/28/20","5504","AGI- ACCOUNTS PAYABLE","C","0.00","0.00","20.27","02/11/21","9995","0.000","4.250"
"""9997.4""","""@30613 / JOHN DEERE""","1","","0.00","10.50","9.77","","","0.00","20.27","0.00","0.00","0.00","","","0.00","0.00","20.27","135.00","84.99","135.00","100.00","12/30/20","3951","ALLEN INDUSTRIES , INC","C","0.00","0.00","20.27","02/02/21","9997","0.000","0.500"
"""SC6305.1""","""@SERVICE / EARLHAM SAVINGS BAN""","1","","0.00","46.88","87.20","","","0.00","134.08","0.00","0.00","0.00","","","0.00","0.00","134.08","187.50","28.49","187.50","100.00","09/29/20","5152","EARLHAM SAVINGS BANK","C","0.00","0.00","134.08","01/04/21","SC6305","0.000","2.500"
"""SC6340.1""","""@SERVICE / INSIGHT VISION""","1","","0.00","28.14","52.35","","","0.00","80.49","0.00","0.00","0.00","","","0.00","0.00","80.49","0.00","","0.00","","10/21/20","5738","INSIGHT VISION","C","0.00","0.00","80.49","03/26/21","SC6340","0.000","1.500"
"""SC6365.1""","""@SERVICE / HY-VEE""","1","","0.00","178.13","331.32","","50.00","0.00","559.45","0.00","0.00","0.00","","","0.00","0.00","559.45","1247.96","55.17","1247.96","100.00","10/31/20","4530","HY-VEE","C","0.00","0.00","559.45","02/08/21","SC6365","0.000","9.500"
"""SC6407.1""","""@SERVICE / ORCHELN FARM & HOME""","1","","286.83","173.43","320.90","","","0.00","781.16","0.00","0.00","0.00","","","0.00","0.00","781.16","1056.38","26.05","1056.38","100.00","11/20/20","77950","NAGLE SIGNS, INC.","C","0.00","0.00","781.16","01/20/21","SC6407","0.000","13.250"
"""SC6412.1""","""@SERVICE / HURTS DONUT CO.""","1","","157.63","140.63","261.58","","","0.00","559.84","0.00","0.00","0.00","","","0.00","0.00","559.84","1133.13","50.59","1133.13","100.00","11/24/20","5673","HURTS DONUT CO.","C","0.00","0.00","559.84","01/06/21","SC6412","0.000","12.250"
"""SC6413.1""","""@SERVICE / HY-VEE""","1","","152.32","0.00","0.00","","0.00","0.00","152.32","0.00","0.00","0.00","","","0.00","0.00","152.32","0.00","","0.00","","11/24/20","4530","HY-VEE","C","0.00","0.00","152.32","02/08/21","SC6413","0.000",""
"""SC6414.1""","""@SERVICE / JEREMY MASON""","1","","0.00","9.38","17.45","","0.00","0.00","26.83","0.00","0.00","0.00","","","0.00","0.00","26.83","156.25","82.83","156.25","100.00","11/25/20","5754","JEREMY MASON","C","0.00","0.00","26.83","01/05/21","SC6414","0.000","0.500"
"""SC6416.1""","""@SERVICE / BRAD HURD""","1","","0.00","9.38","17.45","","50.00","0.00","76.83","0.00","0.00","0.00","","","0.00","0.00","76.83","137.50","44.12","137.50","100.00","11/25/20","5755","BRAD HURD","C","0.00","0.00","76.83","01/05/21","SC6416","0.000","0.500"
"""SC6418.1""","""@SERVICE / SHARON MARKER""","1","","0.00","4.69","4.36","","","0.00","9.05","0.00","0.00","0.00","","","0.00","0.00","9.05","0.00","","0.00","","11/26/20","5508","SHARON MARKER","C","0.00","0.00","9.05","04/01/21","SC6418","0.000","1.000"
"""SC6427.1""","""@SERVICE / HY-VEE - NAGLE""","1","","24.74","103.13","174.39","","","0.00","302.26","0.00","0.00","0.00","","","0.00","0.00","302.26","894.91","66.22","894.91","100.00","12/02/20","77950","NAGLE SIGNS, INC.","C","0.00","0.00","302.26","01/20/21","SC6427","0.000","11.500"
"""SC6434.1""","""@SERVICE / CHRIS FEELEY""","1","","0.00","0.00","0.00","","75.00","0.00","75.00","0.00","0.00","0.00","","","0.00","0.00","75.00","125.00","40.00","125.00","100.00","12/04/20","4009","CHRIS FEELEY","C","0.00","0.00","75.00","04/20/21","SC6434","0.000",""
"""SC6443.1""","""@SERVICE / CASH SAVER""","1","","77.40","89.07","165.67","","","0.00","332.14","0.00","0.00","0.00","","","0.00","0.00","332.14","491.70","32.45","491.70","100.00","12/10/20","5762","DGS FOODS - CASH SAVER","C","0.00","0.00","332.14","01/04/21","SC6443","0.000","4.750"
"""SC6449.1""","""@SERVICE / GREAT WESTERN BANK""","1","","0.00","37.50","69.75","","","0.00","107.25","0.00","0.00","0.00","","","0.00","0.00","107.25","0.00","","0.00","","12/16/20","4135","GREAT WESTERN BANK","C","0.00","0.00","107.25","01/20/21","SC6449","0.000","2.000"
"""SC6450.1""","""@SERVICE / SPLASH CAR WASH""","1","","0.00","84.37","156.93","","","0.00","241.30","0.00","0.00","0.00","","","0.00","0.00","241.30","446.25","45.93","446.25","100.00","12/16/20","4304","SPLASH CAR WASH / SPLASH EXPRESS LLC","C","0.00","0.00","241.30","01/05/21","SC6450","0.000","5.250"
"""SC6457.1""","""@SERVICE / AMES MUNICIPLE POWE""","1","","0.00","42.19","78.47","","0.00","0.00","120.66","0.00","0.00","0.00","","","0.00","0.00","120.66","0.00","","0.00","","12/17/20","4347","AMES MUNICIPLE POWER","C","0.00","0.00","120.66","01/05/21","SC6457","0.000","3.750"
"""SC6458.1""","""@SERVICE / MARRIOTT""","1","","0.00","32.81","61.03","","","0.00","93.84","0.00","0.00","0.00","","","0.00","0.00","93.84","693.09","86.46","693.09","100.00","12/18/20","70700","MARRIOTT","C","0.00","0.00","93.84","03/22/21","SC6458","0.000","5.250"
"""SC6463.1""","""@SERVICE / SLUMBERLAND- COMMON""","1","","97.68","51.56","95.90","","","0.00","245.14","0.00","0.00","0.00","","","0.00","0.00","245.14","1104.35","77.80","1104.35","100.00","12/22/20","29800","COMMONWEALTH ELECTRIC","C","0.00","0.00","245.14","01/14/21","SC6463","0.000","6.500"
"""SC6465.1""","""@SERVICE / JETHRO´S BBQ DRAKE""","1","","0.00","18.75","34.88","","0.00","0.00","53.63","0.00","0.00","0.00","","","0.00","0.00","53.63","531.25","89.90","531.25","100.00","12/22/20","5615","JETHRO'S BBQ DRAKE","C","0.00","0.00","53.63","01/25/21","SC6465","0.000","1.750"
"""SC6470.1""","""@SERVICE / ASPEN DENTAL""","1","","0.00","46.88","87.20","","","0.00","134.08","0.00","0.00","0.00","","","0.00","0.00","134.08","195.00","31.24","195.00","100.00","12/29/20","77950","NAGLE SIGNS, INC.","C","0.00","0.00","134.08","02/09/21","SC6470","0.000","3.250"

"","","","","61495.57","17362.94","19297.20","0.00","2044.00","1261.54","101461.25","82728.52","60588.28","0.00","100.00","29354.45","0.00","172771.25","-71310.00","158834.83","36.12","157769.69","-9.51","","","","","0.00","0.00","101461.25"
