"15 FEB 2026","18:18:06","","","GROSS MARGIN BY INVOICE",
"","","","","PERIOD: 01/01/26 through 02/15/26",

"Invoice No","Inv Date","Prod Code","WO / Part ","Quote","Gross Sales","Total Cost","Gross Margin","GM %","Extra Chg","Sales Tax","Quote Cost","Quote Price","Quote GM%","Quote Sell Price","Quote Sell GM%","Cust No","Customer Name","SalesPer #1","Rate #1","SalesPer #2","Rate #2","SalesPer #3","Rate #3","Location No","Location Name","City","State",

"12119-2","01/30/26","INSTL","12119.1","38452","3500.00","259.37","3240.63","92.59","","","0.00","0.00","","3500.00","100.00","28110","CITY OF DES MOINES/ DEPT. OF FINANCE. ACCOUNTS PAYABLE","JEFF","","","","","","DEFAULT","City of Des Moines/ Purchasing Division/ Department of Finance","Des Moines","IA",
"12119-2","01/30/26","DRCT","12119.7","38306B","3071.36","1894.14","1177.22","38.33","","","908.39","1535.68","40.85","","","28110","CITY OF DES MOINES/ DEPT. OF FINANCE. ACCOUNTS PAYABLE","JEFF","","","","","","DEFAULT","City of Des Moines/ Purchasing Division/ Department of Finance","Des Moines","IA",
"12119-2","01/30/26","DRCT","12119.25","38459B","352.38","27.29","325.09","92.26","","","78.73","122.30","35.63","176.19","55.32","28110","CITY OF DES MOINES/ DEPT. OF FINANCE. ACCOUNTS PAYABLE","JEFF","","","","","","DEFAULT","City of Des Moines/ Purchasing Division/ Department of Finance","Des Moines","IA",
"12119-2","01/30/26","INSTL","12119.29","38311B","1397.51","674.95","722.56","51.70","","","916.60","1397.51","34.41","","","28110","CITY OF DES MOINES/ DEPT. OF FINANCE. ACCOUNTS PAYABLE","JEFF","","","","","","DEFAULT","City of Des Moines/ Purchasing Division/ Department of Finance","Des Moines","IA",
"12119-2","01/30/26","01","12119.32","","0.00","973.83","-973.83","","","","","","","","","28110","CITY OF DES MOINES/ DEPT. OF FINANCE. ACCOUNTS PAYABLE","JEFF","","","","","","DEFAULT","City of Des Moines/ Purchasing Division/ Department of Finance","Des Moines","IA",
"12119-2","","","Invoice Totals","","8321.25","3829.58","4491.67","53.98","0.00","0.00","1903.72","3055.49","37.70","3676.19","48.21","28110","CITY OF DES MOINES/ DEPT. OF FINANCE. ACCOUNTS PAYABLE","JEFF","","","","","",

"12370","02/04/26","PRMT","12370.2","38987","0.00","0.00","0.00","","413.00","1267.49","0.00","0.00","","150.00","100.00","6293","KEMIN CENTRAL WAREHOUSE","JOEP","","","","","","DEFAULT","KEMIN CENTRAL WAREHOUSE","DES MOINES","IA",
"12370","02/04/26","MONMNT","12370.3","38371A","18107.00","9837.54","8269.46","45.67","","","9537.62","17807.73","46.44","18107.00","47.33","6293","KEMIN CENTRAL WAREHOUSE","JOEP","","","","","","DEFAULT","KEMIN CENTRAL WAREHOUSE","DES MOINES","IA",
"12370","","","Invoice Totals","","18107.00","9837.54","8269.46","45.67","413.00","1267.49","9537.62","17807.73","46.44","18257.00","47.76","6293","KEMIN CENTRAL WAREHOUSE","JOEP","","","","","",

"12397-5","01/13/26","INSTL","12397.10","39778","7575.28","3128.17","4447.11","58.71","","","4655.29","7575.28","38.55","","","3686","ADCON","JOEP","","","","","","7","CHIPOTLE - ADCON","CLIVE","IA",
"12397-5","01/13/26","MISC","12397.11","","135.00","71.67","63.33","46.91","","","","","","","","3686","ADCON","JOEP","","","","","","7","CHIPOTLE - ADCON","CLIVE","IA",
"12397-5","01/13/26","MISC","12397.12","","605.08","369.92","235.16","38.86","","","","","","","","3686","ADCON","JOEP","","","","","","7","CHIPOTLE - ADCON","CLIVE","IA",
"12397-5","","","Invoice Totals","","8315.36","3569.76","4745.60","57.07","0.00","0.00","4655.29","7575.28","38.55","","","3686","ADCON","JOEP","","","","","",

"12508","01/05/26","INT","12508.1","39234","6730.57","3862.72","2867.85","42.61","","2116.67","3937.45","6730.57","41.50","","","6374","NORTHWESTERN MUTUAL","JEFF","","","","","","DEFAULT","Northwestern Mutual","West Des Moines","IA",
"12508","01/05/26","INT","12508.2","39236","14638.61","7967.56","6671.05","45.57","","","8683.07","14638.61","40.68","","","6374","NORTHWESTERN MUTUAL","JEFF","","","","","","DEFAULT","Northwestern Mutual","West Des Moines","IA",
"12508","01/05/26","INT","12508.3","39237","8869.05","2201.34","6667.71","75.18","","","4996.09","8869.05","43.67","","","6374","NORTHWESTERN MUTUAL","JEFF","","","","","","DEFAULT","Northwestern Mutual","West Des Moines","IA",
"12508","","","Invoice Totals","","30238.23","14031.62","16206.61","53.60","0.00","2116.67","17616.61","30238.23","41.74","","","6374","NORTHWESTERN MUTUAL","JEFF","","","","","",

"12550","01/08/26","MONMNT","12550.1","39798","6649.90","2780.66","3869.24","58.18","427.00","1006.79","3725.55","6649.90","43.98","","","2460","DOWNING INC.","JEFF","","","","","","30","Oaks On Grand - Downing Construction","West Des Moines","IA",
"12550","01/08/26","MONMNT","12550.2","39823","7732.82","4268.76","3464.06","44.80","","","4160.83","7732.82","46.19","","","2460","DOWNING INC.","JEFF","","","","","","30","Oaks On Grand - Downing Construction","West Des Moines","IA",
"12550","01/08/26","MONMNT","12550.3","39608","0.00","96.44","-96.44","","","","0.00","0.00","","150.00","100.00","2460","DOWNING INC.","JEFF","","","","","","30","Oaks On Grand - Downing Construction","West Des Moines","IA",
"12550","01/08/26","WARMFG","12550.4","","0.00","675.71","-675.71","","","","","","","","","2460","DOWNING INC.","JEFF","","","","","","30","Oaks On Grand - Downing Construction","West Des Moines","IA",
"12550","","","Invoice Totals","","14382.72","7821.57","6561.15","45.62","427.00","1006.79","7886.38","14382.72","45.17","150.00","-5157.59","2460","DOWNING INC.","JEFF","","","","","",

"12560","01/21/26","ALUM","12560.2","40337","11689.76","6663.21","5026.55","43.00","","","1671.03","2783.94","39.98","2922.44","42.82","6386","CRAMER & ASSOCIATES INC.","JEFF","","","","","","1","WALNUT STREET BRIDGE OVER DSM RIVER - CRAMER & ASSOCIATES","DES MOINES","IA",
"12560","","","Invoice Totals","","11689.76","6663.21","5026.55","43.00","0.00","0.00","1671.03","2783.94","39.98","2922.44","42.82","6386","CRAMER & ASSOCIATES INC.","JEFF","","","","","",

"12562-2","01/07/26","INT","12562.1","39945","1950.54","501.32","1449.22","74.30","","","1179.26","1950.54","39.54","","","4035","IOWA DEPARTMENT OF TRANSPORTATION ADMINISTRATION BUILDING","JEFF","","","","","","DEFAULT","IOWA DEPARTMENT OF TRANSPORTATION ADMINISTRATION BUILDING","AMES","IA",
"12562-2","","","Invoice Totals","","1950.54","501.32","1449.22","74.30","0.00","0.00","1179.26","1950.54","39.54","","","4035","IOWA DEPARTMENT OF TRANSPORTATION ADMINISTRATION BUILDING","JEFF","","","","","",

"12600-3","01/12/26","PYLON","12600.3","40250","8325.00","2773.72","5551.28","66.68","155.09","582.75","0.00","0.00","","8325.00","100.00","18600","CAT SCALE","JEFF","","","","","","DEFAULT","CAT SCALE","Walcott","IA",
"12600-3","","","Invoice Totals","","8325.00","2773.72","5551.28","66.68","155.09","582.75","0.00","0.00","","8325.00","100.00","18600","CAT SCALE","JEFF","","","","","",

"12600-4","02/05/26","PYLON","12600.4","40251","8325.00","2649.65","5675.35","68.17","","582.75","0.00","0.00","","8325.00","100.00","18600","CAT SCALE","JEFF","","","","","","DEFAULT","CAT SCALE","Walcott","IA",
"12600-4","","","Invoice Totals","","8325.00","2649.65","5675.35","68.17","0.00","582.75","0.00","0.00","","8325.00","100.00","18600","CAT SCALE","JEFF","","","","","",

"12626","01/21/26","REPFCE","12626.1","40293","2005.27","1444.44","560.83","27.97","155.00","255.49","1548.84","2005.27","22.76","","","6401","THE POUR HOUSE","JOEP","","","","","","DEFAULT","THE POUR HOUSE","WAVERLY","IA",
"12626","01/21/26","REPFCE","12626.2","40294","1494.50","806.41","688.09","46.04","","","1191.97","1494.50","20.24","","","6401","THE POUR HOUSE","JOEP","","","","","","DEFAULT","THE POUR HOUSE","WAVERLY","IA",
"12626","01/21/26","PRMT","12626.3","40295","0.00","0.00","0.00","","","","0.00","0.00","","150.00","100.00","6401","THE POUR HOUSE","JOEP","","","","","","DEFAULT","THE POUR HOUSE","WAVERLY","IA",
"12626","","","Invoice Totals","","3499.77","2250.85","1248.92","35.69","155.00","255.49","2740.81","3499.77","21.69","150.00","-1727.21","6401","THE POUR HOUSE","JOEP","","","","","",

"12636","01/30/26","WARMFG","12636.1","","0.00","1107.98","-1107.98","","","","","","","","","28110","CITY OF DES MOINES/ DEPT. OF FINANCE. ACCOUNTS PAYABLE","JEFF","","","","","","DEFAULT","CITY OF DES MOINES","DES MOINES","IA",
"12636","01/30/26","WARMFG","12636.2","","0.00","2633.99","-2633.99","","","","","","","","","28110","CITY OF DES MOINES/ DEPT. OF FINANCE. ACCOUNTS PAYABLE","JEFF","","","","","","DEFAULT","CITY OF DES MOINES","DES MOINES","IA",
"12636","01/30/26","WARMFG","12636.3","","0.00","2572.62","-2572.62","","","","","","","","","28110","CITY OF DES MOINES/ DEPT. OF FINANCE. ACCOUNTS PAYABLE","JEFF","","","","","","DEFAULT","CITY OF DES MOINES","DES MOINES","IA",
"12636","01/30/26","WARMFG","12636.4","","0.00","1734.84","-1734.84","","","","","","","","","28110","CITY OF DES MOINES/ DEPT. OF FINANCE. ACCOUNTS PAYABLE","JEFF","","","","","","DEFAULT","CITY OF DES MOINES","DES MOINES","IA",
"12636","","","Invoice Totals","","0.00","8049.43","-8049.43","","0.00","0.00","0.00","0.00","","","","28110","CITY OF DES MOINES/ DEPT. OF FINANCE. ACCOUNTS PAYABLE","JEFF","","","","","",

"12644","01/12/26","SURVEY","12644.1","40351","415.00","189.15","225.85","54.42","703.00","281.95","256.66","410.66","37.50","415.00","38.15","3798","PACIFIC NEON","JEFF","","","","","","4","Boot Barn","West Des Moines","IA",
"12644","01/12/26","INSTL","12644.2","40352","2717.04","821.82","1895.22","69.75","","","1592.74","2717.04","41.38","","","3798","PACIFIC NEON","JEFF","","","","","","4","Boot Barn","West Des Moines","IA",
"12644","01/12/26","INSTL","12644.3","40353","447.91","218.98","228.93","51.11","","","272.79","447.91","39.10","","","3798","PACIFIC NEON","JEFF","","","","","","4","Boot Barn","West Des Moines","IA",
"12644","01/12/26","INSTL","12644.4","40354","447.91","80.84","367.07","81.95","","","272.79","447.91","39.10","","","3798","PACIFIC NEON","JEFF","","","","","","4","Boot Barn","West Des Moines","IA",
"12644","01/12/26","PRMT","12644.6","40356","0.00","97.46","-97.46","","","","0.00","0.00","","200.00","100.00","3798","PACIFIC NEON","JEFF","","","","","","4","Boot Barn","West Des Moines","IA",
"12644","","","Invoice Totals","","4027.86","1408.25","2619.61","65.04","703.00","281.95","2394.98","4023.52","40.48","615.00","-289.43","3798","PACIFIC NEON","JEFF","","","","","",

"12649","01/31/26","SRVCE","12649.1","40086","7779.21","2257.27","5521.94","70.98","","544.54","4367.01","7779.21","43.86","","","2993","SMITTY'S TENDERLOINS","JOEP","","","","","","DEFAULT","SMITTY´S TENDERLOINS","DES MOINES","IA",
"12649","","","Invoice Totals","","7779.21","2257.27","5521.94","70.98","0.00","544.54","4367.01","7779.21","43.86","","","2993","SMITTY'S TENDERLOINS","JOEP","","","","","",

"12651","01/15/26","AWNING","12651.1","40418","2217.90","1649.03","568.87","25.65","","155.25","1274.41","2217.90","42.54","","","5622","LOVING CUP  LLC- DBA: SCOOTER'S COFFEE","JOEP","","","","","","2","SCOOTER´S COFFEE","PLEASANT HILL","IA",
"12651","","","Invoice Totals","","2217.90","1649.03","568.87","25.65","0.00","155.25","1274.41","2217.90","42.54","","","5622","LOVING CUP  LLC- DBA: SCOOTER'S COFFEE","JOEP","","","","","",

"12652","01/07/26","INT","12652.1","40389","2290.17","872.51","1417.66","61.90","","160.31","1389.47","2290.17","39.33","","","6409","MEMBERS 1ST CREDIT UNION","JEFF","","","","","","DEFAULT","Members 1st Credit Union","Ames","IA",
"12652","","","Invoice Totals","","2290.17","872.51","1417.66","61.90","0.00","160.31","1389.47","2290.17","39.33","","","6409","MEMBERS 1ST CREDIT UNION","JEFF","","","","","",

"12654","01/23/26","ELMSTT","12654.1","40040A","22479.00","16333.98","6145.02","27.34","","1573.53","16980.70","22479.00","24.46","","","6410","COLLEGIATE PRESBYTERIAN CHURCH","JEFF","","","","","","DEFAULT","Collegiate Presbyterian Church","Ames","IA",
"12654","01/23/26","PRMT","12654.2","40339","0.00","0.00","0.00","","","","0.00","0.00","","150.00","100.00","6410","COLLEGIATE PRESBYTERIAN CHURCH","JEFF","","","","","","DEFAULT","Collegiate Presbyterian Church","Ames","IA",
"12654","","","Invoice Totals","","22479.00","16333.98","6145.02","27.34","0.00","1573.53","16980.70","22479.00","24.46","150.00","-11220.47","6410","COLLEGIATE PRESBYTERIAN CHURCH","JEFF","","","","","",

"12659","01/05/26","BLDG","12659.1","39826","1664.57","958.75","705.82","42.40","197.00","99.87","965.14","1664.57","42.02","","","4631","ANKENY LIL TOTS","JEFF","","","","","","DEFAULT","Ankeny Lil Tots","Ankeny","IA",
"12659","01/05/26","PRMT","12659.2","39986","0.00","48.73","-48.73","","","","0.00","0.00","","150.00","100.00","4631","ANKENY LIL TOTS","JEFF","","","","","","DEFAULT","Ankeny Lil Tots","Ankeny","IA",
"12659","","","Invoice Totals","","1664.57","1007.48","657.09","39.48","197.00","99.87","965.14","1664.57","42.02","150.00","-543.43","4631","ANKENY LIL TOTS","JEFF","","","","","",

"12662","01/29/26","ELMSTT","12662.1","39529","59134.26","41826.03","17308.23","29.27","475.19","4139.40","43137.29","59134.26","27.05","","","6411","MID-IOWA INSURANCE & REAL ESTATE","JOEP","","","","","","DEFAULT","MID-IOWA INSURANCE & REAL ESTATE","CARROLL","IA",
"12662","01/29/26","PRMT","12662.2","39532","0.00","0.00","0.00","","","","0.00","0.00","","150.00","100.00","6411","MID-IOWA INSURANCE & REAL ESTATE","JOEP","","","","","","DEFAULT","MID-IOWA INSURANCE & REAL ESTATE","CARROLL","IA",
"12662","","","Invoice Totals","","59134.26","41826.03","17308.23","29.27","475.19","4139.40","43137.29","59134.26","27.05","150.00","-28658.19","6411","MID-IOWA INSURANCE & REAL ESTATE","JOEP","","","","","",

"12663","01/21/26","PYLON","12663.1","40461","80145.00","53989.60","26155.40","32.64","3875.00","","0.00","0.00","","16029.00","100.00","18600","CAT SCALE","JEFF","","","","","","50","CAT SCALE","MERIDIAN","MS",
"12663","","","Invoice Totals","","80145.00","53989.60","26155.40","32.64","3875.00","0.00","0.00","0.00","","16029.00","100.00","18600","CAT SCALE","JEFF","","","","","",

"12665","01/27/26","REPFCE","12665.1","","522.50","304.45","218.05","41.73","255.00","43.93","","","","","","6408","GATOR SIGNS","HOUSE","","","","","","1","LOVE´S # 411- GATOR SIGN COMPANY","CLIVE","IA",
"12665","","","Invoice Totals","","522.50","304.45","218.05","41.73","255.00","43.93","0.00","0.00","","","","6408","GATOR SIGNS","HOUSE","","","","","",

"12670","01/13/26","MISC","12670.1","40473","2394.73","1027.72","1367.01","57.08","","","1450.61","2394.73","39.42","","","5680","SIGN MANAGER","RICHT","","","","","","7","Caribou Coffee-Sign Manager","Des Moines","IA",
"12670","","","Invoice Totals","","2394.73","1027.72","1367.01","57.08","0.00","0.00","1450.61","2394.73","39.42","","","5680","SIGN MANAGER","RICHT","","","","","",

"12676","01/08/26","SRVCE","12676.1","","0.00","70.38","-70.38","","","","","","","","","6037","RUGGLES SIGN","RICHT","","","","","","6","KAY JEWELERS-RUGGLES SIGN","DES MOINES","IA",
"12676","01/08/26","INSTL","12676.2","","1656.00","647.59","1008.41","60.89","","","","","","","","6037","RUGGLES SIGN","RICHT","","","","","","6","KAY JEWELERS-RUGGLES SIGN","DES MOINES","IA",
"12676","","","Invoice Totals","","1656.00","717.97","938.03","56.64","0.00","0.00","0.00","0.00","","","","6037","RUGGLES SIGN","RICHT","","","","","",

"12678","01/07/26","PYLON","12678.1","40510","3735.00","1605.51","2129.49","57.01","140.87","261.45","0.00","0.00","","3735.00","100.00","18600","CAT SCALE","JEFF","","","","","","1185","CAT #35","KNOXVILLE","TN",
"12678","","","Invoice Totals","","3735.00","1605.51","2129.49","57.01","140.87","261.45","0.00","0.00","","3735.00","100.00","18600","CAT SCALE","JEFF","","","","","",

"12679","01/07/26","PYLON","12679.1","40511","12869.00","9596.82","3272.18","25.43","2375.00","1177.51","0.00","0.00","","12869.00","100.00","18600","CAT SCALE","JEFF","","","","","","1186","CAT #1952","BRUSH","CO",
"12679","","","Invoice Totals","","12869.00","9596.82","3272.18","25.43","2375.00","1177.51","0.00","0.00","","12869.00","100.00","18600","CAT SCALE","JEFF","","","","","",

"12681","02/04/26","CHANNL","12681.1","40466","2548.15","1778.61","769.54","30.20","","178.37","1494.47","2548.15","41.35","","","5791","VAN WALL EQUIPMENT","JEFF","","","","","","7","Van Wall Equipment","Denison","IA",
"12681","","","Invoice Totals","","2548.15","1778.61","769.54","30.20","0.00","178.37","1494.47","2548.15","41.35","","","5791","VAN WALL EQUIPMENT","JEFF","","","","","",

"12683","01/05/26","PYLON","12683.1","40529","3895.60","1605.51","2290.09","58.79","","321.39","0.00","0.00","","3735.00","100.00","18600","CAT SCALE","JEFF","","","","","","1189","CAT #2044","TYLER","TX",
"12683","","","Invoice Totals","","3895.60","1605.51","2290.09","58.79","0.00","321.39","0.00","0.00","","3735.00","100.00","18600","CAT SCALE","JEFF","","","","","",

"12684","01/07/26","PYLON","12684.1","40528","12869.00","9129.86","3739.14","29.06","1812.00","","0.00","0.00","","12869.00","100.00","18600","CAT SCALE","JEFF","","","","","","703","CAT #524","GEORGETOWN","KY",
"12684","","","Invoice Totals","","12869.00","9129.86","3739.14","29.06","1812.00","0.00","0.00","0.00","","12869.00","100.00","18600","CAT SCALE","JEFF","","","","","",

"12685","01/15/26","SURVEY","12685.1","40533","475.00","453.50","21.50","4.53","","","293.32","469.32","37.50","475.00","38.25","5156","ARCHITECTURAL GRAPHIC INC.","JEFF","","","","","","21","RAISING CANES-AGI","JOHNSTON","IA",
"12685","","","Invoice Totals","","475.00","453.50","21.50","4.53","0.00","0.00","293.32","469.32","37.50","475.00","38.25","5156","ARCHITECTURAL GRAPHIC INC.","JEFF","","","","","",

"12686","01/07/26","PYLON","12686.1","40540","2146.00","1032.39","1113.61","51.89","","150.22","0.00","0.00","","2146.00","100.00","18600","CAT SCALE","JEFF","","","","","","1190","CAT #124","COUNCIL BLUFFS","IA",
"12686","","","Invoice Totals","","2146.00","1032.39","1113.61","51.89","0.00","150.22","0.00","0.00","","2146.00","100.00","18600","CAT SCALE","JEFF","","","","","",

"12688","01/05/26","INT","12688.1","40539","64.79","59.81","4.98","7.69","","4.54","37.45","64.79","42.20","","","6043","PEDDICORD LILLIS","JOEP","","","","","","DEFAULT","PEDDICORD LILLIS","West Des Moines","IA",
"12688","","","Invoice Totals","","64.79","59.81","4.98","7.69","0.00","4.54","37.45","64.79","42.20","","","6043","PEDDICORD LILLIS","JOEP","","","","","",

"12689","01/10/26","MISC","12689.1","39831","932.93","663.14","269.79","28.92","","65.31","526.14","932.93","43.60","","","5140","BLACK HILLS CORPORATION","JOEP","","","","","","DEFAULT","BLACK HILLS CORPORATION","GRIMES","IA",
"12689","","","Invoice Totals","","932.93","663.14","269.79","28.92","0.00","65.31","526.14","932.93","43.60","","","5140","BLACK HILLS CORPORATION","JOEP","","","","","",

"12690","01/15/26","PYLON","12690.1","40544","22812.00","15914.92","6897.08","30.23","","1881.99","0.00","0.00","","19875.00","100.00","18600","CAT SCALE","JEFF","","","","","","1182","CAT #2641","BAYTOWN","TX",
"12690","","","Invoice Totals","","22812.00","15914.92","6897.08","30.23","0.00","1881.99","0.00","0.00","","19875.00","100.00","18600","CAT SCALE","JEFF","","","","","",

"12691","01/05/26","MISC","12691.1","","1062.50","850.00","212.50","20.00","","74.38","","","","","","6392","FOSTER ORTHODONTICS","JOEP","","","","","","DEFAULT","FOSTER ORTHODONTICS","DES MOINES","IA",
"12691","","","Invoice Totals","","1062.50","850.00","212.50","20.00","0.00","74.38","0.00","0.00","","","","6392","FOSTER ORTHODONTICS","JOEP","","","","","",

"12692","01/27/26","OUTS","12692.1","35086","6269.86","2721.03","3548.83","56.60","","438.89","3700.37","6269.86","40.98","","","4708","SCHEELS ALL SPORTS","RICHT","","","","","","DEFAULT","Scheels All Sports","West Des Moines","IA",
"12692","01/27/26","WARMFG","12692.2","","0.00","990.76","-990.76","","","","","","","","","4708","SCHEELS ALL SPORTS","RICHT","","","","","","DEFAULT","Scheels All Sports","West Des Moines","IA",
"12692","","","Invoice Totals","","6269.86","3711.79","2558.07","40.80","0.00","438.89","3700.37","6269.86","40.98","","","4708","SCHEELS ALL SPORTS","RICHT","","","","","",

"12693","01/07/26","PYLON","12693.1","40557","3895.60","1605.51","2290.09","58.79","","321.39","0.00","0.00","","3735.00","100.00","18600","CAT SCALE","JEFF","","","","","","512","CAT #2476","TERRELL","TX",
"12693","","","Invoice Totals","","3895.60","1605.51","2290.09","58.79","0.00","321.39","0.00","0.00","","3735.00","100.00","18600","CAT SCALE","JEFF","","","","","",

"12694","02/05/26","BLDG","12694.1","40538","3581.70","2602.54","979.16","27.34","","250.72","2153.44","3581.70","39.88","","","6006","VAN WALL EQUIPMENT","JEFF","","","","","","DEFAULT","Van Wall Equipment","Mason City","IA",
"12694","","","Invoice Totals","","3581.70","2602.54","979.16","27.34","0.00","250.72","2153.44","3581.70","39.88","","","6006","VAN WALL EQUIPMENT","JEFF","","","","","",

"12696","01/07/26","PYLON","12696.1","40572","1651.00","1216.30","434.70","26.33","256.49","","0.00","0.00","","1651.00","100.00","18600","CAT SCALE","JEFF","","","","","","1191","CAT #1862","GULFPORT","MS",
"12696","","","Invoice Totals","","1651.00","1216.30","434.70","26.33","256.49","0.00","0.00","0.00","","1651.00","100.00","18600","CAT SCALE","JEFF","","","","","",

"12697","01/09/26","PYLON","12697.1","40574","15494.00","9749.89","5744.11","37.07","","1239.52","0.00","0.00","","12869.00","100.00","18600","CAT SCALE","JEFF","","","","","","966","CAT #380","BISMARK","ND",
"12697","","","Invoice Totals","","15494.00","9749.89","5744.11","37.07","0.00","1239.52","0.00","0.00","","12869.00","100.00","18600","CAT SCALE","JEFF","","","","","",

"12698","01/16/26","GRAVEH","12698.1","40559","582.22","332.88","249.34","42.83","","40.75","326.49","582.22","43.92","","","6421","CODE - EZ TRANSPORT LLC","JOEP","","","","","","DEFAULT","CODE - EZ TRANSPORT LLC","WEST DES MOINES","IA",
"12698","","","Invoice Totals","","582.22","332.88","249.34","42.83","0.00","40.75","326.49","582.22","43.92","","","6421","CODE - EZ TRANSPORT LLC","JOEP","","","","","",

"12699","01/27/26","CHANNL","12699.1","40600","1913.04","945.42","967.62","50.58","","133.91","1194.98","1913.04","37.54","","","6408","GATOR SIGNS","HOUSE","","","","","","1","LOVE'S # 411- GATOR SIGN COMPANY","CLIVE","IA",
"12699","","","Invoice Totals","","1913.04","945.42","967.62","50.58","0.00","133.91","1194.98","1913.04","37.54","","","6408","GATOR SIGNS","HOUSE","","","","","",

"12700","01/13/26","PYLON","12700.1","40610","1651.00","1216.30","434.70","26.33","929.20","","0.00","0.00","","1651.00","100.00","18600","CAT SCALE","JEFF","","","","","","234","CAT #1424","BRUNSWICK","GA",
"12700","","","Invoice Totals","","1651.00","1216.30","434.70","26.33","929.20","0.00","0.00","0.00","","1651.00","100.00","18600","CAT SCALE","JEFF","","","","","",

"12701","01/15/26","PYLON","12701.1","40612","2005.00","4221.38","-2216.38","-110.54","3925.00","","0.00","0.00","","2005.00","100.00","18600","CAT SCALE","JEFF","","","","","","1192","CAT #3406","NOGALES","AZ",
"12701","","","Invoice Totals","","2005.00","4221.38","-2216.38","-110.54","3925.00","0.00","0.00","0.00","","2005.00","100.00","18600","CAT SCALE","JEFF","","","","","",

"12702","01/13/26","PYLON","12702.1","40613","1651.00","1216.30","434.70","26.33","929.20","","0.00","0.00","","1651.00","100.00","18600","CAT SCALE","JEFF","","","","","","1193","CAT #3122","BUNKIE","LA",
"12702","","","Invoice Totals","","1651.00","1216.30","434.70","26.33","929.20","0.00","0.00","0.00","","1651.00","100.00","18600","CAT SCALE","JEFF","","","","","",

"12704","01/16/26","REPFCE","12704.1","40596","2634.03","943.85","1690.18","64.17","","184.38","1550.00","2634.03","41.15","","","4254","LOF-XPRESS OIL CHANGE","JOEP","","","","","","DEFAULT","LOF-XPRESS OIL CHANGE","AMES","IA",
"12704","","","Invoice Totals","","2634.03","943.85","1690.18","64.17","0.00","184.38","1550.00","2634.03","41.15","","","4254","LOF-XPRESS OIL CHANGE","JOEP","","","","","",

"12705","01/16/26","PYLON","12705.1","40623","3895.60","1605.51","2290.09","58.79","","321.39","0.00","0.00","","3735.00","100.00","18600","CAT SCALE","JEFF","","","","","","680","CAT #2013","HOUSTON","TX",
"12705","","","Invoice Totals","","3895.60","1605.51","2290.09","58.79","0.00","321.39","0.00","0.00","","3735.00","100.00","18600","CAT SCALE","JEFF","","","","","",

"12707","01/19/26","MISC","12707.1","40620","560.00","405.60","154.40","27.57","","33.60","405.60","559.73","27.54","560.00","27.57","6424","MIDDLE RIVER FRIENDS CHURCH","BRADY","0.020","","","","","DEFAULT","Middle River Friends Church","Carlisle","IA",
"12707","","","Invoice Totals","","560.00","405.60","154.40","27.57","0.00","33.60","405.60","559.73","27.54","560.00","27.57","6424","MIDDLE RIVER FRIENDS CHURCH","BRADY","0.020","","","","",

"12709","01/19/26","PYLON","12709.1","40629","1651.00","1216.30","434.70","26.33","251.89","","0.00","0.00","","1651.00","100.00","18600","CAT SCALE","JEFF","","","","","","906","CAT #897","MONROE","MI",
"12709","","","Invoice Totals","","1651.00","1216.30","434.70","26.33","251.89","0.00","0.00","0.00","","1651.00","100.00","18600","CAT SCALE","JEFF","","","","","",

"12710","01/21/26","VINYL","12710.1","40614","208.98","107.17","101.81","48.72","","25.00","127.92","208.98","38.79","","","6013","HUBER GRADING INC.","JOEP","","","","","","DEFAULT","HUBER GRADING INC.","ELKHART","IA",
"12710","01/21/26","VINYL","12710.2","40615","148.23","114.09","34.14","23.03","","","90.42","148.23","39.00","","","6013","HUBER GRADING INC.","JOEP","","","","","","DEFAULT","HUBER GRADING INC.","ELKHART","IA",
"12710","","","Invoice Totals","","357.21","221.26","135.95","38.06","0.00","25.00","218.34","357.21","38.88","","","6013","HUBER GRADING INC.","JOEP","","","","","",

"12711","01/19/26","MISC","312-0680","","359.31","239.54","119.77","33.33","","","","","","","","2123","CHESNUT SIGNS","","","","","","","DEFAULT","CHESNUT SIGNS","DES MOINES","IA",
"12711","","","Invoice Totals","","359.31","239.54","119.77","33.33","0.00","0.00","0.00","0.00","","","","2123","CHESNUT SIGNS","","","","","","",

"12712","02/11/26","PYLON","12712.1","40637","17942.00","0.00","17942.00","100.00","2719.00","","0.00","0.00","","17942.00","100.00","18600","CAT SCALE","JEFF","","","","","","1195","CAT #1400","MCCALLA","AL",
"12712","","","Invoice Totals","","17942.00","0.00","17942.00","100.00","2719.00","0.00","0.00","0.00","","17942.00","100.00","18600","CAT SCALE","JEFF","","","","","",

"12714","02/06/26","INT","12714.1","40617","1121.94","0.00","1121.94","100.00","","105.55","672.88","1121.94","40.03","","","6104","LUMINEO SIGNS.","JEFF","","","","","","4","Equity Bank","West Des Moines","IA",
"12714","02/06/26","VINYL","12714.2","40618","385.91","0.00","385.91","100.00","","","230.09","385.91","40.38","","","6104","LUMINEO SIGNS.","JEFF","","","","","","4","Equity Bank","West Des Moines","IA",
"12714","","","Invoice Totals","","1507.85","0.00","1507.85","100.00","0.00","105.55","902.97","1507.85","40.12","","","6104","LUMINEO SIGNS.","JEFF","","","","","",

"12716","01/27/26","PRMT","12716.1","40569","150.00","48.73","101.27","67.51","50.00","","0.00","0.00","","150.00","100.00","3686","ADCON","JOEP","","","","","","9","CHIPOTLE","ALTOONA","IA",
"12716","","","Invoice Totals","","150.00","48.73","101.27","67.51","50.00","0.00","0.00","0.00","","150.00","100.00","3686","ADCON","JOEP","","","","","",

"12717","02/11/26","SRVCE","12717.1","40597","3788.10","0.00","3788.10","100.00","","265.17","2182.91","3788.10","42.37","","","2209","HUBBELL REALTY","JOEP","","","","","","29","CONVERGE","WAUKEE","IA",
"12717","","","Invoice Totals","","3788.10","0.00","3788.10","100.00","0.00","265.17","2182.91","3788.10","42.37","","","2209","HUBBELL REALTY","JOEP","","","","","",

"12718","01/27/26","PLYWD","12718.1","40638","727.19","349.82","377.37","51.89","","50.90","432.37","727.19","40.54","","","5710","PENTA PARTNERS LLC","JOEP","","","","","","DEFAULT","PENTA PARTNERS LLC","WEST DES MOINES","IA",
"12718","","","Invoice Totals","","727.19","349.82","377.37","51.89","0.00","50.90","432.37","727.19","40.54","","","5710","PENTA PARTNERS LLC","JOEP","","","","","",

"12719","01/22/26","PYLON","12719.1","40647","1982.00","1216.30","765.70","38.63","262.86","","0.00","0.00","","1982.00","100.00","18600","CAT SCALE","JEFF","","","","","","492","CAT #636","TALLULAH","LA",
"12719","","","Invoice Totals","","1982.00","1216.30","765.70","38.63","262.86","0.00","0.00","0.00","","1982.00","100.00","18600","CAT SCALE","JEFF","","","","","",

"12721","01/22/26","PYLON","12721.1","40652","1982.00","1216.30","765.70","38.63","854.65","","0.00","0.00","","1982.00","100.00","18600","CAT SCALE","JEFF","","","","","","923","CAT #85","ADEL","GA",
"12721","","","Invoice Totals","","1982.00","1216.30","765.70","38.63","854.65","0.00","0.00","0.00","","1982.00","100.00","18600","CAT SCALE","JEFF","","","","","",

"12726","02/11/26","REPFCE","12726.1","40543","714.21","0.00","714.21","100.00","","","434.21","714.21","39.20","","","3582","EVERBRITE LLC","RICHT","","","","","","33","Dollar General-Everbrite","Madrid","IA",
"12726","","","Invoice Totals","","714.21","0.00","714.21","100.00","0.00","0.00","434.21","714.21","39.20","","","3582","EVERBRITE LLC","RICHT","","","","","",

"12729","02/04/26","SURVEY","12729.1","40675","369.54","485.62","-116.08","-31.41","","22.17","225.54","369.54","38.97","","","3461","AURORA SIGN CO.","JEFF","","","","","","22","POWERLIFE YOGA - AURORA SIGN CO.","ANKENY","IA",
"12729","","","Invoice Totals","","369.54","485.62","-116.08","-31.41","0.00","22.17","225.54","369.54","38.97","","","3461","AURORA SIGN CO.","JEFF","","","","","",

"12732","02/06/26","PYLON","12732.1","40693","22740.00","0.00","22740.00","100.00","182.44","1591.80","0.00","0.00","","3790.00","100.00","18600","CAT SCALE","JEFF","","","","","","DEFAULT","CAT SCALE","WALCOTT","IA",
"12732","","","Invoice Totals","","22740.00","0.00","22740.00","100.00","182.44","1591.80","0.00","0.00","","3790.00","100.00","18600","CAT SCALE","JEFF","","","","","",

"12733","02/11/26","PYLON","12733.1","40692","3790.00","0.00","3790.00","100.00","165.68","","0.00","0.00","","3790.00","100.00","18600","CAT SCALE","JEFF","","","","","","66","CAT #401","DENHAM SPRINGS","LA",
"12733","","","Invoice Totals","","3790.00","0.00","3790.00","100.00","165.68","0.00","0.00","0.00","","3790.00","100.00","18600","CAT SCALE","JEFF","","","","","",

"12734","02/06/26","PYLON","12734.1","40691","3790.00","1605.51","2184.49","57.64","168.16","","0.00","0.00","","3790.00","100.00","18600","CAT SCALE","JEFF","","","","","","1198","CAT #204","ELOY","AZ",
"12734","","","Invoice Totals","","3790.00","1605.51","2184.49","57.64","168.16","0.00","0.00","0.00","","3790.00","100.00","18600","CAT SCALE","JEFF","","","","","",

"12738","02/12/26","BANNER","12738.1","40696","169.11","0.00","169.11","100.00","","11.84","90.55","169.11","46.45","","","6337","CAMPBELL SUPPLY CO","BRADY","0.020","","","","","DEFAULT","Campbell Supply CO","Des Moines","IA",
"12738","","","Invoice Totals","","169.11","0.00","169.11","100.00","0.00","11.84","90.55","169.11","46.45","","","6337","CAMPBELL SUPPLY CO","BRADY","0.020","","","","",

"12739","02/11/26","PYLON","12739.1","40701","1982.00","0.00","1982.00","100.00","456.31","133.29","0.00","0.00","","1982.00","100.00","18600","CAT SCALE","JEFF","","","","","","1199","CAT #1236","CAMERON","MO",
"12739","","","Invoice Totals","","1982.00","0.00","1982.00","100.00","456.31","133.29","0.00","0.00","","1982.00","100.00","18600","CAT SCALE","JEFF","","","","","",

"12740","02/11/26","PYLON","12740.1","40702","3790.00","0.00","3790.00","100.00","165.68","","0.00","0.00","","3790.00","100.00","18600","CAT SCALE","JEFF","","","","","","743","CAT #225","HAMMOND","LA",
"12740","","","Invoice Totals","","3790.00","0.00","3790.00","100.00","165.68","0.00","0.00","0.00","","3790.00","100.00","18600","CAT SCALE","JEFF","","","","","",

"SC8513","01/19/26","SRVCE","SC8513.1","","0.00","561.85","-561.85","","","","","","","","","3010","PATTISONID","JOEP","","","","","","30","WELLS FARGO- PATTISON ID","INDIANOLA","IA",
"SC8513","01/19/26","SRVCE","SC8513.2","40573","2906.41","1208.85","1697.56","58.41","","","1833.67","2906.41","36.91","","","3010","PATTISONID","JOEP","","","","","","30","WELLS FARGO- PATTISON ID","INDIANOLA","IA",
"SC8513","","","Invoice Totals","","2906.41","1770.70","1135.71","39.08","0.00","0.00","1833.67","2906.41","36.91","","","3010","PATTISONID","JOEP","","","","","",

"SC8523","01/16/26","SRVCE","SC8523.1","","3072.50","2698.28","374.22","12.18","","215.08","","","","","","3223","FIRST PRESBYTERIAN CHURCH","RICHT","","","","","","DEFAULT","FIRST PRESBYTERIAN CHURCH","DALLAS CENTER","IA",
"SC8523","","","Invoice Totals","","3072.50","2698.28","374.22","12.18","0.00","215.08","0.00","0.00","","","","3223","FIRST PRESBYTERIAN CHURCH","RICHT","","","","","",

"SC8534","01/15/26","SRVCE","SC8534.1","","1061.71","672.53","389.18","36.66","","74.32","","","","","","4598","WESTAR FOODS","RICHT","","","","","","6","HARDEE´S # 915- WESTAR FOODS","DES MOINES","IA",
"SC8534","","","Invoice Totals","","1061.71","672.53","389.18","36.66","0.00","74.32","0.00","0.00","","","","4598","WESTAR FOODS","RICHT","","","","","",

"SC8536","01/21/26","SRVCE","SC8536.1","","0.00","48.62","-48.62","","","","","","","","","4598","WESTAR FOODS","RICHT","","","","","","5","HARDEE´S #2- WESTAR FOODS","DES MOINES","IA",
"SC8536","","","Invoice Totals","","0.00","48.62","-48.62","","0.00","0.00","0.00","0.00","","","","4598","WESTAR FOODS","RICHT","","","","","",

"SC8548","01/16/26","SRVCE","SC8548.1","","332.50","458.61","-126.11","-37.93","","","","","","","","77950","NAGLE SIGNS  INC.","HOUSE","","","","","","441","KWIK STAR # 1186- NAGLE SIGNS","ALTOONA","IA",
"SC8548","","","Invoice Totals","","332.50","458.61","-126.11","-37.93","0.00","0.00","0.00","0.00","","","","77950","NAGLE SIGNS  INC.","HOUSE","","","","","",

"SC8550-2","01/28/26","SRVCE","SC8550.2","","3362.50","3499.94","-137.44","-4.09","","","","","","","","3561","DES MOINES PUBLIC SCHOOLS","RICHT","","","","","","2","CATTELL ELEMENTARY SCHOOL-DMPS","DES MOINES","IA",
"SC8550-2","","","Invoice Totals","","3362.50","3499.94","-137.44","-4.09","0.00","0.00","0.00","0.00","","","","3561","DES MOINES PUBLIC SCHOOLS","RICHT","","","","","",

"SC8554","01/16/26","SRVCE","SC8554.1","","1040.03","773.09","266.94","25.67","20.00","74.20","","","","","","2958","EYCHANER PROPERTIES","JEFF","","","","","","3","FIREHOUSE SUBS -EYECHANER PROPERTIES","DES MOINES","IA",
"SC8554","01/16/26","SRVCE","SC8554.2","","0.00","0.00","0.00","","","","","","","","","2958","EYCHANER PROPERTIES","JEFF","","","","","","3","FIREHOUSE SUBS -EYECHANER PROPERTIES","DES MOINES","IA",
"SC8554","","","Invoice Totals","","1040.03","773.09","266.94","25.67","20.00","74.20","0.00","0.00","","","","2958","EYCHANER PROPERTIES","JEFF","","","","","",

"SC8555","01/21/26","SRVCE","SC8555.1","","2409.00","2016.34","392.66","16.30","","168.63","","","","","","6412","THE CHURCH AT UNION PARK","JEFF","","","","","","DEFAULT","THE CHURCH AT UNION PARK","DES MOINES","IA",
"SC8555","","","Invoice Totals","","2409.00","2016.34","392.66","16.30","0.00","168.63","0.00","0.00","","","","6412","THE CHURCH AT UNION PARK","JEFF","","","","","",

"SC8561","01/28/26","SRVCE","SC8561.1","","1063.87","941.44","122.43","11.51","","74.47","","","","","","3642","PERKINS","RICHT","","","","","","6","PERKINS #1233","WEST DES MOINES","IA",
"SC8561","","","Invoice Totals","","1063.87","941.44","122.43","11.51","0.00","74.47","0.00","0.00","","","","3642","PERKINS","RICHT","","","","","",

"SC8562","01/15/26","SRVCE","SC8562.1","","719.48","333.67","385.81","53.62","30.00","","","","","","","3010","PATTISONID","JOEP","","","","","","20","RAMSEY SUBARU OF DES MOINES - PATTISON SIGN GROUP, INC.","URBANDALE","IA",
"SC8562","","","Invoice Totals","","719.48","333.67","385.81","53.62","30.00","0.00","0.00","0.00","","","","3010","PATTISONID","JOEP","","","","","",

"SC8564","01/08/26","SRVCE","SC8564.1","","258.47","159.59","98.88","38.26","","18.09","","","","","","5529","BACK ROADS LOUNGE","JOEP","","","","","","DEFAULT","BACK ROADS LOUNGE","JOHNSTON","IA",
"SC8564","","","Invoice Totals","","258.47","159.59","98.88","38.26","0.00","18.09","0.00","0.00","","","","5529","BACK ROADS LOUNGE","JOEP","","","","","",

"SC8565","01/21/26","SRVCE","SC8565.1","","0.00","129.57","-129.57","","","","","","","","","2209","HUBBELL REALTY","JOEP","","","","","","29","CONVERGE","WAUKEE","IA",
"SC8565","","","Invoice Totals","","0.00","129.57","-129.57","","0.00","0.00","0.00","0.00","","","","2209","HUBBELL REALTY","JOEP","","","","","",

"SC8567","01/15/26","SRVCE","SC8567.1","","366.90","217.47","149.43","40.73","","","","","","","","5793","VIXXO CORP.","RICHT","","","","","","4","COSMOPROF #86042- VIXXO","URBANDALE","IA",
"SC8567","","","Invoice Totals","","366.90","217.47","149.43","40.73","0.00","0.00","0.00","0.00","","","","5793","VIXXO CORP.","RICHT","","","","","",

"SC8569","02/03/26","SRVCE","SC8569.1","","0.00","241.35","-241.35","","","","","","","","","4254","LOF-XPRESS OIL CHANGE","JOEP","","","","","","DEFAULT","LOF-XPRESS OIL CHANGE","AMES","IA",
"SC8569","","","Invoice Totals","","0.00","241.35","-241.35","","0.00","0.00","0.00","0.00","","","","4254","LOF-XPRESS OIL CHANGE","JOEP","","","","","",

"SC8570","01/16/26","SRVCE","SC8570.1","","172.50","112.24","60.26","34.93","","12.08","","","","","","6418","JOE FRANZ","RICHT","","","","","","DEFAULT","JOE FRANZ","CLIVE","IA",
"SC8570","","","Invoice Totals","","172.50","112.24","60.26","34.93","0.00","12.08","0.00","0.00","","","","6418","JOE FRANZ","RICHT","","","","","",

"SC8571","01/13/26","SRVCE","SC8571.1","","137.50","75.36","62.14","45.19","","9.63","","","","","","5891","R&R REALTY GROUP","JOEP","","","","","","12","BURGER KING","WEST DES MOINES","IA",
"SC8571","","","Invoice Totals","","137.50","75.36","62.14","45.19","0.00","9.63","0.00","0.00","","","","5891","R&R REALTY GROUP","JOEP","","","","","",

"SC8573","01/07/26","SRVCE","SC8573.1","","192.50","182.68","9.82","5.10","","","","","","","","77950","NAGLE SIGNS  INC.","HOUSE","","","","","","414","DAIRY QUEEN - NAGLE SIGNS","MARSHALLTOWN","IA",
"SC8573","","","Invoice Totals","","192.50","182.68","9.82","5.10","0.00","0.00","0.00","0.00","","","","77950","NAGLE SIGNS  INC.","HOUSE","","","","","",

"SC8574","01/07/26","SRVCE","SC8574.1","","87.50","76.67","10.83","12.38","","","","","","","","77950","NAGLE SIGNS  INC.","HOUSE","","","","","","548","HOBBY LOBBY- NAGLE","MARSHALLTOWN","IA",
"SC8574","","","Invoice Totals","","87.50","76.67","10.83","12.38","0.00","0.00","0.00","0.00","","","","77950","NAGLE SIGNS  INC.","HOUSE","","","","","",

"SC8575","01/27/26","SRVCE","SC8575.1","","0.00","305.34","-305.34","","","","","","","","","6420","JOHN DEERE","JEFF","","","","","","DEFAULT","JOHN DEERE","PATON","IA",
"SC8575","","","Invoice Totals","","0.00","305.34","-305.34","","0.00","0.00","0.00","0.00","","","","6420","JOHN DEERE","JEFF","","","","","",

"SC8576","01/07/26","SRVCE","SC8576.1","","210.00","202.93","7.07","3.37","","","","","","","","77950","NAGLE SIGNS  INC.","HOUSE","","","","","","556","STATE BANK OF TOLEDO-NAGLE","TOLEDO","IA",
"SC8576","","","Invoice Totals","","210.00","202.93","7.07","3.37","0.00","0.00","0.00","0.00","","","","77950","NAGLE SIGNS  INC.","HOUSE","","","","","",

"SC8577","02/06/26","SRVCE","SC8577.1","","796.00","840.99","-44.99","-5.65","","","","","","","","5680","SIGN MANAGER","RICHT","","","","","","8","CARIBOU COFFEE-SIGN MANAGER","GRIMES","IA",
"SC8577","","","Invoice Totals","","796.00","840.99","-44.99","-5.65","0.00","0.00","0.00","0.00","","","","5680","SIGN MANAGER","RICHT","","","","","",

"SC8578","01/13/26","SRVCE","SC8578.1","","165.00","92.83","72.17","43.74","","","","","","","","3671","TRIANGLE SIGN AND SERVICE","RICHT","","","","","","6","VISION FOR LESS- TRIANGLE SIGN","DES MOINES","IA",
"SC8578","","","Invoice Totals","","165.00","92.83","72.17","43.74","0.00","0.00","0.00","0.00","","","","3671","TRIANGLE SIGN AND SERVICE","RICHT","","","","","",

"SC8580","01/19/26","SRVCE","SC8580.1","","250.00","349.09","-99.09","-39.64","","17.50","","","","","","6423","TCS INC / THE COLOR SPOT","JOEP","","","","","","1","KIDS UNITED","URBANDALE","IA",
"SC8580","","","Invoice Totals","","250.00","349.09","-99.09","-39.64","0.00","17.50","0.00","0.00","","","","6423","TCS INC / THE COLOR SPOT","JOEP","","","","","",

"SC8582","02/03/26","SRVCE","SC8582.1","","0.00","838.34","-838.34","","","","","","","","","5107","ATLANTIC BOTTLING COCA-COLA","JOEP","","","","","","DEFAULT","ATLANTIC BOTTLING COCA-COLA","DES MOINES","IA",
"SC8582","","","Invoice Totals","","0.00","838.34","-838.34","","0.00","0.00","0.00","0.00","","","","5107","ATLANTIC BOTTLING COCA-COLA","JOEP","","","","","",

"SC8583","01/19/26","SRVCE","SC8583.1","","440.00","251.02","188.98","42.95","","30.80","","","","","","6337","CAMPBELL SUPPLY CO","RICHT","","","","","","DEFAULT","CAMPBELL SUPPLY CO","DES MOINES","IA",
"SC8583","","","Invoice Totals","","440.00","251.02","188.98","42.95","0.00","30.80","0.00","0.00","","","","6337","CAMPBELL SUPPLY CO","RICHT","","","","","",

"SC8584","02/03/26","SRVCE","SC8584.1","","522.50","319.28","203.22","38.89","","","","","","","","6037","RUGGLES SIGN","RICHT","","","","","","6","KAY JEWELERS-RUGGLES SIGN","DES MOINES","IA",
"SC8584","","","Invoice Totals","","522.50","319.28","203.22","38.89","0.00","0.00","0.00","0.00","","","","6037","RUGGLES SIGN","RICHT","","","","","",

"SC8585","01/23/26","SRVCE","SC8585.1","","275.00","154.17","120.83","43.94","","","","","","","","2371","COAST SIGN LLC","RICHT","","","","","","42","ROSS DRESS FOR LESS # 2031 - COAST SIGN","DES MOINES","IA",
"SC8585","","","Invoice Totals","","275.00","154.17","120.83","43.94","0.00","0.00","0.00","0.00","","","","2371","COAST SIGN LLC","RICHT","","","","","",

"SC8588","02/04/26","SRVCE","SC8588.1","","247.50","159.25","88.25","35.66","","17.33","","","","","","6058","CLAIM DOC","JEFF","","","","","","DEFAULT","CLAIM DOC","WEST DES MOINES","IA",
"SC8588","","","Invoice Totals","","247.50","159.25","88.25","35.66","0.00","17.33","0.00","0.00","","","","6058","CLAIM DOC","JEFF","","","","","",

"SC8589","02/03/26","SRVCE","SC8589.1","","192.50","114.32","78.18","40.61","","","","","","","","2371","COAST SIGN LLC","RICHT","","","","","","47","ROSS DRESS FOR LESS - COAST SIGN","DES MOINES","IA",
"SC8589","","","Invoice Totals","","192.50","114.32","78.18","40.61","0.00","0.00","0.00","0.00","","","","2371","COAST SIGN LLC","RICHT","","","","","",

"SC8590","01/23/26","SRVCE","SC8590.1","","331.47","191.43","140.04","42.25","","","","","","","","2535","ATLAS SIGN INDUSTRIES","RICHT","","","","","","97","STARBUCKS-ATLAS","ANKENY","IA",
"SC8590","","","Invoice Totals","","331.47","191.43","140.04","42.25","0.00","0.00","0.00","0.00","","","","2535","ATLAS SIGN INDUSTRIES","RICHT","","","","","",

"SC8591","02/05/26","SRVCE","SC8591.1","","330.00","181.35","148.65","45.05","","","","","","","","5156","ARCHITECTURAL GRAPHIC INC.","HOUSE","","","","","","12","RAISING CANE # 667 - AGI","ALTOONA","IA",
"SC8591","","","Invoice Totals","","330.00","181.35","148.65","45.05","0.00","0.00","0.00","0.00","","","","5156","ARCHITECTURAL GRAPHIC INC.","HOUSE","","","","","",

"SC8592","02/03/26","SRVCE","SC8592.1","","332.73","178.45","154.28","46.37","3.00","23.50","","","","","","5905","HERITAGE BUILDING MAINTENANCE","JEFF","","","","","","DEFAULT","HERITAGE BUILDING MAINTENANCE","DES MOINES","IA",
"SC8592","","","Invoice Totals","","332.73","178.45","154.28","46.37","3.00","23.50","0.00","0.00","","","","5905","HERITAGE BUILDING MAINTENANCE","JEFF","","","","","",

"SC8593","02/06/26","SRVCE","SC8593.1","","220.00","949.02","-729.02","-331.37","","13.20","","","","","","4053","STORAGE MART","JEFF","","","","","","47","STORAGE MART","ANKENY","IA",
"SC8593","","","Invoice Totals","","220.00","949.02","-729.02","-331.37","0.00","13.20","0.00","0.00","","","","4053","STORAGE MART","JEFF","","","","","",

"SC8594","02/03/26","SRVCE","SC8594.1","","420.20","208.00","212.20","50.50","8.00","29.97","","","","","","2993","SMITTY'S TENDERLOINS","JOEP","","","","","","DEFAULT","SMITTY´S TENDERLOINS","DES MOINES","IA",
"SC8594","","","Invoice Totals","","420.20","208.00","212.20","50.50","8.00","29.97","0.00","0.00","","","","2993","SMITTY'S TENDERLOINS","JOEP","","","","","",

"SC8596","02/04/26","SRVCE","SC8596.1","","295.75","173.67","122.08","41.28","","20.71","","","","","","125070","ZIROUS","JOEP","","","","","","DEFAULT","ZIROUS","WEST DES MOINES","IA",
"SC8596","","","Invoice Totals","","295.75","173.67","122.08","41.28","0.00","20.71","0.00","0.00","","","","125070","ZIROUS","JOEP","","","","","",

"SC8598","02/04/26","SRVCE","SC8598.1","","137.50","99.00","38.50","28.00","","9.63","","","","","","5562","MOM'S MEALS","JEFF","","","","","","DEFAULT","MOM´S MEALS","DES MOINES","IA",
"SC8598","","","Invoice Totals","","137.50","99.00","38.50","28.00","0.00","9.63","0.00","0.00","","","","5562","MOM'S MEALS","JEFF","","","","","",

"SC8600","02/06/26","SRVCE","SC8600.1","","332.50","327.65","4.85","1.46","","","","","","","","77950","NAGLE SIGNS  INC.","HOUSE","","","","","","528","MCDONALDS-NAGLE SIGNS","WEBSTER CITY","IA",
"SC8600","","","Invoice Totals","","332.50","327.65","4.85","1.46","0.00","0.00","0.00","0.00","","","","77950","NAGLE SIGNS  INC.","HOUSE","","","","","",

"SC8601","02/10/26","SRVCE","SC8601.1","","165.00","136.68","28.32","17.16","","11.55","","","","","","6343","HOLIDAY INN","RICHT","","","","","","DEFAULT","HOLIDAY INN","DES MOINES","IA",
"SC8601","","","Invoice Totals","","165.00","136.68","28.32","17.16","0.00","11.55","0.00","0.00","","","","6343","HOLIDAY INN","RICHT","","","","","",

"SC8604","02/11/26","SRVCE","SC8604.1","","165.00","0.00","165.00","100.00","","11.55","","","","","","3807","SHOTGUN BETTY'S COUNTRY ROCK BAR","JOEP","","","","","","DEFAULT","SHOTGUN BETTY´S COUNTRY ROCK BAR","WEST DES MOINES","IA",
"SC8604","","","Invoice Totals","","165.00","0.00","165.00","100.00","0.00","11.55","0.00","0.00","","","","3807","SHOTGUN BETTY'S COUNTRY ROCK BAR","JOEP","","","","","",

"SC8605","02/11/26","SRVCE","SC8605.1","","821.24","0.00","821.24","100.00","","57.48","","","","","","5973","TONIC","JOEP","","","","","","DEFAULT","TONIC","WEST DES MOINES","IA",
"SC8605","","","Invoice Totals","","821.24","0.00","821.24","100.00","0.00","57.48","0.00","0.00","","","","5973","TONIC","JOEP","","","","","",

"SC8606","02/11/26","SRVCE","SC8606.1","","433.25","0.00","433.25","100.00","","30.33","","","","","","5412","1908 DRAUGHT HOUSE","JOEP","","","","","","DEFAULT","1908 DRAUGHT HOUSE","NORWALK","IA",
"SC8606","","","Invoice Totals","","433.25","0.00","433.25","100.00","0.00","30.33","0.00","0.00","","","","5412","1908 DRAUGHT HOUSE","JOEP","","","","","",

"SC8607","02/10/26","SRVCE","SC8607.1","","967.83","530.58","437.25","45.18","","67.75","","","","","","2788","JEANNIE'S BOTTLE","RICHT","","","","","","DEFAULT","JEANNIE´S BOTTLE","DES MOINES","IA",
"SC8607","","","Invoice Totals","","967.83","530.58","437.25","45.18","0.00","67.75","0.00","0.00","","","","2788","JEANNIE'S BOTTLE","RICHT","","","","","",

"SC8608","02/10/26","SRVCE","SC8608.1","","337.88","187.17","150.71","44.60","","","","","","","","4018","SIGNTECH ELECTRICAL ADVERTISING  INC.","RICHT","","","","","","36","WELLS FARGO-SIGNTECH","MARSHALLTOWN","IA",
"SC8608","","","Invoice Totals","","337.88","187.17","150.71","44.60","0.00","0.00","0.00","0.00","","","","4018","SIGNTECH ELECTRICAL ADVERTISING  INC.","RICHT","","","","","",

"SC8609","02/10/26","SRVCE","SC8609.1","","113.94","32.92","81.02","71.11","","7.98","","","","","","2958","EYCHANER PROPERTIES","JEFF","","","","","","1","EYCHANER PROPERTIES","DES MOINES","IA",
"SC8609","","","Invoice Totals","","113.94","32.92","81.02","71.11","0.00","7.98","0.00","0.00","","","","2958","EYCHANER PROPERTIES","JEFF","","","","","",

"SC8610","02/10/26","SRVCE","SC8610.1","","137.50","75.36","62.14","45.19","","9.63","","","","","","4043","EYCHANER PROPERTIES","JEFF","","","","","","DEFAULT","EYCHANER PROPERTIES","DES MOINES","IA",
"SC8610","","","Invoice Totals","","137.50","75.36","62.14","45.19","0.00","9.63","0.00","0.00","","","","4043","EYCHANER PROPERTIES","JEFF","","","","","",

"SC8612","02/12/26","SRVCE","SC8612.1","","127.00","0.00","127.00","100.00","","8.89","","","","","","4598","WESTAR FOODS","RICHT","","","","","","4","HARDEE´S - WESTAR FOODS","DES MOINES","IA",
"SC8612","","","Invoice Totals","","127.00","0.00","127.00","100.00","0.00","8.89","0.00","0.00","","","","4598","WESTAR FOODS","RICHT","","","","","",

"","","","GRAND TOTALS","","500402.03","283742.25","216659.78","43.30","22360.71","23110.45","137153.15","213372.45","35.72","183309.63","25.18",
